id_cliente,tipo_pessoa,tipo_imovel,quantidade_equipamentos,diversidade_equipamentos,horas_uso_diario_media,dias_uso_mes_media,faixa_uso_diario,faixa_dias_uso,qtd_banheiro,qtd_climatizacao,qtd_cozinha,qtd_entretenimento,qtd_iluminacao,qtd_industrial,qtd_limpeza,qtd_ti,consumo_total_kwh
1,PF,Residencial,7,4,8.525,23.5,Alto,Frequente,0,3,4,0,0,0,0,0,1220.1359999999997
2,PJ,Residencial,12,6,6.916666666666667,24.166666666666668,Medio,Frequente,2,0,7,3,0,0,0,0,2120.433
3,PJ,Comercial,50,6,9.616666666666667,23.666666666666668,Alto,Frequente,0,19,10,2,0,0,0,19,4485.2480000000005
4,PF,Comercial,67,8,9.8125,24.375,Alto,Frequente,0,21,17,2,5,0,0,22,15215.760000000002
5,PF,Comercial,26,4,6.4,23.5,Medio,Frequente,0,0,3,0,8,0,0,15,3067.45
6,PF,Comercial,80,8,6.0874999999999995,21.375,Medio,Frequente,0,17,17,6,13,0,0,27,13373.08
7,PF,Comercial,54,6,6.033333333333334,18.166666666666668,Medio,Frequente,0,18,14,0,12,0,0,10,6142.139999999999
8,PJ,Comercial,39,6,5.8500000000000005,20.833333333333332,Medio,Frequente,0,17,2,2,10,0,0,8,4378.576
9,PF,Residencial,16,7,8.471428571428572,23.857142857142858,Alto,Frequente,3,0,8,3,0,0,2,0,4965.642
10,PJ,Residencial,11,4,7.625,21.25,Medio,Frequente,3,3,3,2,0,0,0,0,558.816
11,PF,Residencial,8,3,6.2,21.0,Medio,Frequente,0,2,6,0,0,0,0,0,1396.44
12,PJ,Industrial,36,5,7.94,22.6,Medio,Frequente,0,6,0,0,8,12,0,10,27698.899999999998
13,PJ,Industrial,32,3,4.366666666666666,20.333333333333332,Medio,Frequente,0,11,0,0,0,11,0,10,10248.06
14,PF,Residencial,12,6,8.950000000000001,24.666666666666668,Alto,Frequente,2,1,4,0,0,0,2,3,4440.1050000000005
15,PF,Comercial,63,7,8.514285714285714,21.571428571428573,Alto,Frequente,0,11,14,14,14,0,0,10,8826.04
16,PF,Industrial,31,5,9.9,25.0,Alto,Frequente,0,6,0,0,12,2,0,11,11836.85
17,PF,Residencial,9,6,7.3500000000000005,22.666666666666668,Medio,Frequente,2,1,2,3,0,0,0,1,2557.7
18,PF,Residencial,13,8,7.1125,21.875,Medio,Frequente,3,2,2,5,0,0,0,1,4031.885
19,PF,Industrial,14,3,5.466666666666666,26.0,Medio,Constante,0,0,0,0,3,8,0,3,7261.05
20,PF,Residencial,14,7,5.757142857142857,23.142857142857142,Medio,Frequente,0,4,4,3,0,0,0,3,1274.7930000000001
21,PF,Comercial,67,6,6.816666666666666,18.0,Medio,Frequente,0,18,25,0,0,0,0,24,3719.7499999999995
22,PF,Residencial,11,5,9.28,25.2,Alto,Constante,3,0,2,2,0,0,1,3,5327.262000000001
23,PF,Industrial,49,5,7.659999999999999,23.8,Medio,Frequente,0,11,0,0,3,12,0,23,19518.0
24,PF,Industrial,46,5,8.02,22.2,Alto,Frequente,0,7,0,0,12,7,0,20,21089.76
25,PF,Industrial,29,3,6.933333333333334,25.0,Medio,Frequente,0,11,0,0,0,0,0,18,4561.139999999999
26,PJ,Residencial,14,8,7.25,20.25,Medio,Frequente,0,1,6,2,0,0,3,2,607.233
27,PF,Comercial,61,6,8.033333333333333,19.166666666666668,Alto,Frequente,0,9,22,0,11,0,0,19,8893.0
28,PF,Comercial,81,8,8.0875,21.875,Alto,Frequente,0,25,15,9,8,0,0,24,6216.96
29,PF,Residencial,19,8,7.0375,23.75,Medio,Frequente,3,5,6,3,0,0,2,0,2712.161
30,PF,Comercial,55,5,7.06,20.0,Medio,Frequente,0,14,18,0,14,0,0,9,7065.64
31,PF,Residencial,10,7,7.842857142857143,20.428571428571427,Medio,Frequente,0,1,6,2,0,0,0,1,850.577
32,PF,Residencial,11,4,3.8,23.0,Baixo,Frequente,0,0,8,0,0,0,0,3,935.04
33,PF,Residencial,8,5,6.08,22.0,Medio,Frequente,0,2,5,1,0,0,0,0,809.6
34,PJ,Residencial,14,7,7.6571428571428575,23.428571428571427,Medio,Frequente,0,0,9,1,0,0,2,2,1925.4399999999998
35,PJ,Residencial,11,5,7.720000000000001,24.2,Medio,Frequente,0,3,3,5,0,0,0,0,1451.58
36,PJ,Comercial,39,5,7.92,26.4,Medio,Constante,0,4,19,0,9,0,0,7,5535.36
37,PF,Residencial,14,7,8.6,24.857142857142858,Alto,Frequente,1,1,6,3,0,0,3,0,2658.27
38,PF,Comercial,57,7,8.571428571428571,23.285714285714285,Alto,Frequente,0,16,17,8,0,0,0,16,2727.484
39,PF,Residencial,8,4,5.15,21.5,Medio,Frequente,2,1,2,0,0,0,3,0,520.996
40,PF,Residencial,6,3,8.0,22.0,Medio,Frequente,0,0,4,0,0,0,2,0,773.568
41,PF,Residencial,8,5,6.0600000000000005,21.6,Medio,Frequente,0,1,5,0,0,0,0,2,226.264
42,PF,Comercial,56,6,8.5,24.166666666666668,Alto,Frequente,0,23,12,0,8,0,0,13,8540.175
43,PF,Residencial,8,4,6.125,24.5,Medio,Frequente,0,3,5,0,0,0,0,0,1243.4560000000004
44,PJ,Comercial,53,8,5.5249999999999995,24.375,Medio,Frequente,0,14,15,7,5,0,0,12,6169.276
45,PF,Comercial,38,4,7.550000000000001,20.0,Medio,Frequente,0,20,0,14,0,0,0,4,2366.0599999999995
46,PF,Comercial,73,8,6.0,21.25,Medio,Frequente,0,12,19,13,2,0,0,27,4820.67
47,PF,Residencial,17,8,6.2,21.875,Medio,Frequente,5,0,9,1,0,0,0,2,3985.5150000000003
48,PF,Residencial,14,8,8.5625,24.75,Alto,Frequente,1,4,3,4,0,0,2,0,1892.8049999999998
49,PF,Comercial,25,3,4.2,23.333333333333332,Medio,Frequente,0,6,10,0,9,0,0,0,1467.6000000000001
50,PF,Residencial,11,7,6.114285714285714,23.714285714285715,Medio,Frequente,4,1,5,0,0,0,0,1,2889.3050000000003
51,PJ,Comercial,52,8,7.7125,19.5,Medio,Frequente,0,6,17,6,3,0,0,20,8016.238
52,PJ,Residencial,20,8,8.625,23.625,Alto,Frequente,0,6,13,0,0,0,0,1,2696.624
53,PJ,Industrial,34,4,6.4,22.25,Medio,Frequente,0,4,0,0,12,9,0,9,16353.36
54,PJ,Comercial,41,7,7.0,21.571428571428573,Medio,Frequente,0,9,8,2,5,0,0,17,3748.8
55,PF,Industrial,39,5,8.78,22.8,Alto,Frequente,0,4,0,0,4,12,0,19,36423.21
56,PJ,Residencial,4,3,11.633333333333333,19.666666666666668,Alto,Frequente,0,0,1,2,0,0,1,0,123.828
57,PF,Comercial,58,7,6.0,24.714285714285715,Medio,Frequente,0,13,16,7,11,0,0,11,6047.304
58,PF,Residencial,6,4,9.15,24.0,Alto,Frequente,0,3,3,0,0,0,0,0,1099.3200000000002
59,PF,Residencial,10,5,7.92,21.8,Medio,Frequente,1,2,4,3,0,0,0,0,1140.35
60,PF,Comercial,46,6,6.3500000000000005,26.5,Medio,Constante,0,6,18,5,14,0,0,3,3971.2
61,PF,Comercial,71,7,6.557142857142857,22.714285714285715,Medio,Frequente,0,15,26,14,0,0,0,16,3847.38
62,PF,Industrial,42,4,9.825,25.25,Alto,Constante,0,13,0,0,8,7,0,14,31668.840000000004
63,PJ,Comercial,24,5,8.64,23.6,Alto,Frequente,0,11,6,5,0,0,0,2,1908.83
64,PF,Residencial,15,8,9.5,23.0,Alto,Frequente,2,4,5,1,0,0,0,3,3084.5350000000003
65,PF,Residencial,15,8,5.9125000000000005,23.5,Medio,Frequente,2,3,5,2,0,0,0,3,1024.6380000000001
66,PF,Comercial,57,7,8.057142857142857,24.428571428571427,Alto,Frequente,0,11,15,4,9,0,0,18,8959.039999999999
67,PF,Residencial,19,8,5.5625,22.0,Medio,Frequente,0,5,6,5,0,0,3,0,770.2620000000001
68,PJ,Residencial,7,3,4.966666666666666,23.333333333333332,Medio,Frequente,2,0,5,0,0,0,0,0,1665.7999999999997
69,PF,Residencial,7,3,3.6666666666666665,20.0,Baixo,Frequente,0,3,4,0,0,0,0,0,235.02599999999998
70,PJ,Residencial,13,6,8.166666666666666,25.5,Alto,Constante,3,0,3,2,0,0,3,2,4696.86
71,PJ,Residencial,6,3,8.733333333333333,21.666666666666668,Alto,Frequente,0,0,6,0,0,0,0,0,1084.92
72,PF,Residencial,8,4,6.1,24.0,Medio,Frequente,3,0,3,2,0,0,0,0,1831.01
73,PF,Residencial,12,8,8.6125,25.375,Alto,Constante,3,1,4,2,0,0,2,0,4004.0370000000003
74,PJ,Residencial,12,6,7.483333333333333,20.166666666666668,Medio,Frequente,5,3,0,1,0,0,1,2,2301.6299999999997
75,PJ,Industrial,41,5,6.88,22.4,Medio,Frequente,0,4,0,0,12,11,0,14,9550.92
76,PJ,Residencial,17,7,5.328571428571428,20.571428571428573,Medio,Frequente,4,3,4,3,0,0,0,3,4261.59
77,PJ,Residencial,10,4,7.0,18.75,Medio,Frequente,0,0,10,0,0,0,0,0,326.16
78,PF,Comercial,52,5,9.059999999999999,23.0,Alto,Frequente,0,0,11,9,12,0,0,20,14359.15
79,PF,Residencial,15,7,9.014285714285714,22.285714285714285,Alto,Frequente,3,3,9,0,0,0,0,0,6255.3
80,PF,Industrial,27,3,7.233333333333333,19.666666666666668,Medio,Frequente,0,11,0,0,6,10,0,0,22342.56
81,PJ,Comercial,27,4,6.550000000000001,22.25,Medio,Frequente,0,19,0,2,0,0,0,6,1132.6000000000001
82,PF,Residencial,11,4,5.8999999999999995,22.5,Medio,Frequente,3,0,3,2,0,0,0,3,2830.5
83,PF,Residencial,15,8,9.425,24.0,Alto,Frequente,1,3,6,2,0,0,1,2,2644.516
84,PF,Comercial,41,4,4.949999999999999,20.5,Medio,Frequente,0,13,8,0,7,0,0,13,1586.576
85,PF,Industrial,34,5,5.7,24.6,Medio,Frequente,0,2,0,0,7,8,0,17,16837.925
86,PF,Residencial,12,5,3.62,23.8,Baixo,Frequente,2,0,4,3,0,0,0,3,1587.3899999999999
87,PJ,Comercial,57,6,8.766666666666667,21.666666666666668,Alto,Frequente,0,17,23,13,0,0,0,4,4749.35
88,PF,Residencial,6,3,10.466666666666667,22.666666666666668,Alto,Frequente,0,0,6,0,0,0,0,0,1922.2540000000004
89,PJ,Industrial,34,4,7.975,25.0,Medio,Frequente,0,3,0,0,0,10,0,21,9209.68
90,PF,Residencial,6,3,7.633333333333333,23.0,Medio,Frequente,2,0,0,2,0,0,2,0,2129.6240000000003
91,PF,Industrial,41,5,8.8,22.8,Alto,Frequente,0,8,0,0,8,8,0,17,18680.68
92,PJ,Comercial,54,6,6.933333333333334,23.0,Medio,Frequente,0,11,14,4,4,0,0,21,7050.74
93,PJ,Comercial,52,6,7.683333333333333,22.0,Medio,Frequente,0,12,16,0,14,0,0,10,9158.009999999998
94,PF,Residencial,7,5,8.879999999999999,21.6,Alto,Frequente,0,1,6,0,0,0,0,0,466.318
95,PJ,Residencial,5,3,6.266666666666667,18.0,Medio,Frequente,0,1,4,0,0,0,0,0,161.325
96,PF,Residencial,17,8,5.925,19.5,Medio,Frequente,2,2,8,5,0,0,0,0,2128.136
97,PF,Residencial,15,7,6.071428571428571,22.0,Medio,Frequente,3,0,9,0,0,0,0,3,1414.2060000000001
98,PF,Residencial,12,6,4.383333333333333,24.166666666666668,Medio,Frequente,1,0,8,3,0,0,0,0,983.289
99,PF,Comercial,34,5,7.2,23.8,Medio,Frequente,0,7,14,4,9,0,0,0,3557.2439999999997
100,PF,Residencial,18,8,9.45,22.125,Alto,Frequente,5,5,3,2,0,0,0,3,6446.762
101,PF,Residencial,12,5,6.220000000000001,21.8,Medio,Frequente,3,3,6,0,0,0,0,0,1281.6900000000003
102,PF,Industrial,29,4,8.075,19.75,Alto,Frequente,0,10,0,0,3,0,0,16,4406.4
103,PF,Comercial,47,6,7.1499999999999995,20.333333333333332,Medio,Frequente,0,12,10,14,3,0,0,8,3775.96
104,PF,Industrial,27,4,5.8,21.75,Medio,Frequente,0,10,0,0,0,9,0,8,15118.5
105,PJ,Industrial,34,4,6.8500000000000005,21.25,Medio,Frequente,0,14,0,0,0,2,0,18,8332.560000000001
106,PF,Residencial,15,7,6.714285714285714,19.571428571428573,Medio,Frequente,4,5,4,0,0,0,2,0,5215.6
107,PF,Residencial,11,5,6.159999999999999,19.6,Medio,Frequente,0,2,6,0,0,0,0,3,424.5280000000001
108,PJ,Comercial,62,8,9.3375,21.0,Alto,Frequente,0,5,21,14,4,0,0,18,5721.124
109,PF,Comercial,41,4,6.4,19.75,Medio,Frequente,0,14,9,10,0,0,0,8,2010.434
110,PF,Residencial,16,8,9.9875,19.875,Alto,Frequente,0,3,8,2,0,0,3,0,1407.169
111,PF,Comercial,57,7,7.771428571428571,18.857142857142858,Medio,Frequente,0,14,10,3,13,0,0,17,5679.028
112,PF,Residencial,8,4,10.8,25.25,Alto,Constante,0,1,1,3,0,0,3,0,593.61
113,PJ,Residencial,14,8,5.4625,23.25,Medio,Frequente,3,4,5,2,0,0,0,0,1615.0260000000003
114,PJ,Residencial,10,5,6.26,25.0,Medio,Frequente,0,5,4,1,0,0,0,0,646.77
115,PF,Residencial,6,3,7.866666666666667,19.0,Medio,Frequente,2,0,2,0,0,0,0,2,1585.8000000000002
116,PJ,Residencial,14,7,8.0,20.0,Medio,Frequente,3,0,8,2,0,0,0,1,3128.121
117,PJ,Residencial,11,5,7.44,25.8,Medio,Constante,0,0,2,5,0,0,2,2,416.042
118,PF,Comercial,48,5,10.36,26.8,Alto,Constante,0,17,0,11,9,0,0,11,9296.368
119,PJ,Residencial,10,4,8.15,26.5,Alto,Constante,2,0,5,0,0,0,0,3,1738.542
120,PF,Residencial,11,6,5.133333333333334,23.166666666666668,Medio,Frequente,1,3,3,1,0,0,0,3,1464.9250000000002
121,PJ,Comercial,20,4,5.65,26.5,Medio,Constante,0,3,8,0,2,0,0,7,3576.672
122,PJ,Industrial,40,5,7.42,18.2,Medio,Frequente,0,13,0,0,3,11,0,13,11059.04
123,PF,Comercial,54,6,6.8500000000000005,22.0,Medio,Frequente,0,26,14,6,3,0,0,5,4329.09
124,PF,Comercial,62,7,6.857142857142857,21.285714285714285,Medio,Frequente,0,24,12,7,0,0,0,19,9036.846
125,PF,Comercial,50,5,3.22,23.2,Baixo,Frequente,0,11,10,10,0,0,0,19,3292.16
126,PF,Residencial,7,3,7.3,25.333333333333332,Medio,Constante,0,3,2,2,0,0,0,0,177.06
127,PJ,Residencial,6,4,4.3,21.5,Medio,Frequente,0,0,2,4,0,0,0,0,80.208
128,PJ,Residencial,15,8,7.9625,24.0,Medio,Frequente,2,1,6,3,0,0,3,0,1586.275
129,PF,Residencial,14,5,5.340000000000001,26.2,Medio,Constante,6,0,6,2,0,0,0,0,4407.87
130,PF,Residencial,7,3,7.833333333333333,23.0,Medio,Frequente,0,2,5,0,0,0,0,0,563.04
131,PF,Comercial,27,4,6.025,24.5,Medio,Frequente,0,4,13,0,0,0,0,10,2700.8579999999997
132,PF,Residencial,6,3,6.033333333333334,25.0,Medio,Frequente,0,0,5,1,0,0,0,0,131.022
133,PF,Residencial,11,6,8.383333333333333,23.666666666666668,Alto,Frequente,0,4,4,1,0,0,0,2,1188.5620000000001
134,PF,Residencial,11,5,7.340000000000001,20.0,Medio,Frequente,0,0,4,5,0,0,2,0,1674.5560000000003
135,PJ,Comercial,66,8,7.6125,20.5,Medio,Frequente,0,15,7,10,12,0,0,22,9560.29
136,PF,Residencial,6,4,5.7749999999999995,20.75,Medio,Frequente,0,0,4,1,0,0,0,1,376.8
137,PF,Comercial,38,4,9.375,23.5,Alto,Frequente,0,20,7,0,0,0,0,11,7396.456
138,PJ,Residencial,12,6,9.566666666666668,21.166666666666668,Alto,Frequente,2,0,5,3,0,0,0,2,4004.1400000000003
139,PF,Residencial,11,5,6.220000000000001,22.2,Medio,Frequente,4,0,2,3,0,0,2,0,2627.29
140,PJ,Residencial,14,7,7.6571428571428575,21.857142857142858,Medio,Frequente,3,0,7,4,0,0,0,0,3543.62
141,PJ,Comercial,46,4,9.275,25.0,Alto,Frequente,0,13,12,13,8,0,0,0,2541.804
142,PF,Residencial,17,8,5.9375,23.375,Medio,Frequente,2,2,6,6,0,0,0,1,975.5699999999999
143,PF,Comercial,60,7,8.571428571428571,22.857142857142858,Alto,Frequente,0,13,18,12,3,0,0,14,3228.96
144,PF,Residencial,10,5,9.52,21.4,Alto,Frequente,0,2,3,3,0,0,0,2,1923.6100000000001
145,PF,Residencial,16,7,8.342857142857143,22.0,Alto,Frequente,5,0,8,0,0,0,0,3,6973.530000000001
146,PF,Comercial,38,4,5.7,26.0,Medio,Constante,0,10,20,0,0,0,0,8,4480.68
147,PF,Comercial,34,5,7.68,22.8,Medio,Frequente,0,0,2,10,5,0,0,17,3398.9999999999995
148,PF,Comercial,28,5,4.76,23.8,Medio,Frequente,0,7,13,6,0,0,0,2,1804.94
149,PF,Comercial,46,5,7.540000000000001,21.2,Medio,Frequente,0,0,14,4,14,0,0,14,7054.660000000001
150,PF,Comercial,71,8,9.7125,21.0,Alto,Frequente,0,10,18,5,14,0,0,24,8888.742
151,PF,Comercial,36,5,7.719999999999999,26.4,Medio,Constante,0,0,20,4,0,0,0,12,5623.79
152,PF,Comercial,78,8,7.9624999999999995,24.375,Medio,Frequente,0,21,21,11,7,0,0,18,7973.406
153,PF,Comercial,66,8,7.8125,22.375,Medio,Frequente,0,12,18,6,6,0,0,24,8887.679999999998
154,PF,Comercial,28,4,4.65,22.75,Medio,Frequente,0,11,7,10,0,0,0,0,674.84
155,PJ,Comercial,72,8,6.75,21.375,Medio,Frequente,0,20,13,14,12,0,0,13,6496.428
156,PF,Comercial,63,8,8.7,22.875,Alto,Frequente,0,12,17,14,11,0,0,9,6636.781999999999
157,PF,Residencial,18,7,9.114285714285716,19.571428571428573,Alto,Frequente,3,3,9,3,0,0,0,0,5026.650000000001
158,PJ,Comercial,29,5,6.36,20.2,Medio,Frequente,0,9,0,0,10,0,0,10,3937.9970000000003
159,PF,Comercial,26,4,6.125,19.0,Medio,Frequente,0,10,11,0,5,0,0,0,1185.56
160,PJ,Residencial,15,7,7.6000000000000005,22.571428571428573,Medio,Frequente,3,3,5,1,0,0,3,0,5185.098
161,PF,Comercial,36,4,3.9499999999999997,22.0,Baixo,Frequente,0,10,5,10,0,0,0,11,1432.1499999999999
162,PF,Residencial,5,3,7.733333333333333,23.0,Medio,Frequente,0,1,4,0,0,0,0,0,1434.735
163,PF,Residencial,12,6,8.033333333333333,22.5,Alto,Frequente,2,1,4,3,0,0,0,2,4439.320000000001
164,PF,Comercial,42,5,5.840000000000001,21.8,Medio,Frequente,0,10,18,0,0,0,0,14,2234.517
165,PF,Residencial,16,6,6.816666666666666,24.5,Medio,Frequente,3,5,5,0,0,0,0,3,1966.816
166,PF,Comercial,56,6,5.8999999999999995,22.666666666666668,Medio,Frequente,0,13,16,6,13,0,0,8,2593.549
167,PF,Comercial,26,5,9.059999999999999,20.4,Alto,Frequente,0,16,4,0,0,0,0,6,8995.008
168,PF,Residencial,19,8,9.125,18.875,Alto,Frequente,0,0,14,2,0,0,2,1,1908.826
169,PF,Residencial,18,8,8.4125,24.0,Alto,Frequente,0,1,7,4,0,0,3,3,1523.862
170,PF,Residencial,11,6,20.73333333333333,21.666666666666668,Alto,Frequente,0,2,7,1,0,0,0,1,3940.197
171,PF,Comercial,55,7,12.428571428571429,21.285714285714285,Alto,Frequente,0,10,12,9,6,0,0,18,10656.23
172,PF,Industrial,43,5,5.64,21.6,Medio,Frequente,0,11,0,0,6,9,0,17,12916.705
173,PF,Comercial,22,4,8.575,24.25,Alto,Frequente,0,14,0,6,0,0,0,2,4429.799999999999
174,PF,Residencial,12,7,6.414285714285714,24.428571428571427,Medio,Frequente,1,0,5,3,0,0,2,1,1022.8879999999999
175,PF,Comercial,32,4,7.225,17.0,Medio,Frequente,0,15,0,6,0,0,0,11,1107.339
176,PF,Residencial,5,3,11.633333333333333,18.666666666666668,Alto,Frequente,0,1,3,1,0,0,0,0,98.10400000000001
177,PF,Comercial,60,7,6.714285714285714,23.285714285714285,Medio,Frequente,0,24,5,12,8,0,0,11,4192.49
178,PF,Residencial,12,6,7.1000000000000005,25.5,Medio,Constante,2,2,4,2,0,0,0,2,2446.53
179,PJ,Comercial,28,5,8.84,20.4,Alto,Frequente,0,11,13,0,0,0,0,4,3131.2650000000003
180,PF,Residencial,12,5,9.440000000000001,22.4,Alto,Frequente,2,0,6,4,0,0,0,0,1766.2799999999997
181,PF,Industrial,37,4,6.275,22.25,Medio,Frequente,0,4,0,0,12,8,0,13,8934.4
182,PF,Residencial,11,4,5.25,19.0,Medio,Frequente,3,3,3,2,0,0,0,0,1124.694
183,PJ,Comercial,57,6,5.216666666666667,23.833333333333332,Medio,Frequente,0,8,15,12,0,0,0,22,5648.31
184,PJ,Industrial,22,4,8.2,23.25,Alto,Frequente,0,2,0,0,0,13,0,7,5039.6
185,PF,Residencial,12,6,6.583333333333333,22.833333333333332,Medio,Frequente,0,3,8,0,0,0,0,1,1023.8070000000001
186,PF,Industrial,44,4,9.4,22.0,Alto,Frequente,0,11,0,0,7,13,0,13,25130.4
187,PJ,Comercial,60,8,7.4375,22.875,Medio,Frequente,0,12,18,13,9,0,0,8,3581.62
188,PF,Residencial,15,8,8.362499999999999,20.625,Alto,Frequente,1,3,7,2,0,0,0,2,2802.4799999999996
189,PF,Residencial,7,3,4.8,20.666666666666668,Medio,Frequente,0,0,5,0,0,0,2,0,70.363
190,PF,Comercial,65,8,6.0375,22.875,Medio,Frequente,0,19,16,10,6,0,0,14,8101.094999999999
191,PF,Residencial,9,4,7.6,23.5,Medio,Frequente,2,1,3,3,0,0,0,0,3701.8799999999997
192,PJ,Residencial,4,3,8.0,20.0,Medio,Frequente,0,2,2,0,0,0,0,0,486.97200000000004
193,PJ,Residencial,7,4,8.325,20.5,Alto,Frequente,1,2,1,3,0,0,0,0,1273.4240000000002
194,PF,Comercial,46,6,11.116666666666667,21.166666666666668,Alto,Frequente,0,14,14,0,13,0,0,5,8221.038
195,PF,Residencial,11,5,7.140000000000001,23.8,Medio,Frequente,5,0,6,0,0,0,0,0,3512.370000000001
196,PF,Comercial,54,5,6.779999999999999,24.2,Medio,Frequente,0,22,7,12,0,0,0,13,3281.54
197,PF,Industrial,35,5,8.540000000000001,22.6,Alto,Frequente,0,7,0,0,6,7,0,15,12785.48
198,PJ,Industrial,40,5,9.78,23.0,Alto,Frequente,0,13,0,0,5,13,0,9,34093.855
199,PJ,Comercial,46,6,7.7,20.0,Medio,Frequente,0,6,7,10,5,0,0,18,5298.14
200,PF,Residencial,11,4,3.975,24.5,Baixo,Frequente,0,0,8,0,0,0,3,0,1128.78
201,PF,Comercial,63,7,6.028571428571428,23.714285714285715,Medio,Frequente,0,14,7,10,14,0,0,18,10868.46
202,PF,Residencial,12,7,6.414285714285714,22.142857142857142,Medio,Frequente,3,3,3,1,0,0,2,0,1496.073
203,PF,Residencial,3,3,8.166666666666666,22.333333333333332,Alto,Frequente,0,0,1,0,0,0,1,1,96.225
204,PJ,Residencial,17,8,7.6499999999999995,23.5,Medio,Frequente,3,3,5,5,0,0,1,0,4634.7699999999995
205,PF,Residencial,5,3,7.8,23.0,Medio,Frequente,0,0,2,3,0,0,0,0,543.084
206,PF,Comercial,70,7,6.685714285714285,21.571428571428573,Medio,Frequente,0,19,23,12,0,0,0,16,6326.192
207,PF,Comercial,70,8,8.0,22.875,Medio,Frequente,0,19,13,8,13,0,0,17,9918.28
208,PF,Residencial,11,5,5.0200000000000005,18.8,Medio,Frequente,0,0,7,4,0,0,0,0,378.15
209,PF,Residencial,11,6,4.716666666666667,24.666666666666668,Medio,Frequente,3,1,3,1,0,0,3,0,3706.106
210,PF,Industrial,31,4,9.35,23.25,Alto,Frequente,0,2,0,0,13,0,0,16,8196.16
211,PF,Residencial,7,4,2.875,23.25,Baixo,Frequente,3,0,4,0,0,0,0,0,1433.85
212,PF,Residencial,7,5,4.76,25.6,Medio,Constante,0,2,4,1,0,0,0,0,625.65
213,PF,Residencial,8,4,10.175,22.5,Alto,Frequente,3,1,4,0,0,0,0,0,4890.8099999999995
214,PF,Comercial,27,4,6.25,20.75,Medio,Frequente,0,11,0,14,2,0,0,0,1189.8000000000002
215,PJ,Comercial,28,5,5.04,17.8,Medio,Frequente,0,6,6,0,0,0,0,16,1630.16
216,PF,Residencial,8,4,8.125,21.0,Alto,Frequente,1,3,3,1,0,0,0,0,2878.515
217,PF,Residencial,7,4,8.375,19.0,Alto,Frequente,0,0,6,1,0,0,0,0,294.85999999999996
218,PJ,Comercial,43,5,6.539999999999999,19.2,Medio,Frequente,0,14,11,9,0,0,0,9,1477.8899999999999
219,PF,Comercial,43,6,9.033333333333333,23.666666666666668,Alto,Frequente,0,5,15,0,8,0,0,15,5605.02
220,PJ,Residencial,6,5,5.92,21.2,Medio,Frequente,1,0,4,1,0,0,0,0,1833.03
221,PF,Industrial,18,3,5.1000000000000005,22.666666666666668,Medio,Frequente,0,11,0,0,0,5,0,2,8493.0
222,PF,Residencial,11,5,10.9,23.0,Alto,Frequente,0,3,5,0,0,0,2,1,2698.008
223,PF,Residencial,21,8,7.175,22.875,Medio,Frequente,3,3,9,3,0,0,0,3,5895.2339999999995
224,PF,Industrial,29,5,7.68,24.0,Medio,Frequente,0,2,0,0,5,2,0,20,11887.75
225,PF,Residencial,16,7,9.471428571428572,25.428571428571427,Alto,Constante,2,1,8,3,0,0,0,2,3123.6520000000005
226,PF,Comercial,21,4,9.925,22.5,Alto,Frequente,0,0,6,0,10,0,0,5,5309.5599999999995
227,PJ,Residencial,10,7,6.928571428571429,22.714285714285715,Medio,Frequente,1,0,4,4,0,0,1,0,1601.305
228,PF,Residencial,3,3,5.7,21.333333333333332,Medio,Frequente,0,1,1,0,0,0,0,1,162.825
229,PF,Industrial,46,4,6.875,25.0,Medio,Frequente,0,13,0,0,10,0,0,23,12025.650000000001
230,PF,Residencial,11,6,6.266666666666667,20.333333333333332,Medio,Frequente,1,3,6,0,0,0,0,1,1726.3500000000001
231,PF,Comercial,34,5,9.059999999999999,19.0,Alto,Frequente,0,2,16,11,5,0,0,0,2186.7799999999997
232,PF,Residencial,4,3,5.933333333333334,26.0,Medio,Constante,0,3,0,0,0,0,0,1,221.156
233,PF,Residencial,6,4,6.3500000000000005,24.5,Medio,Frequente,0,4,1,1,0,0,0,0,489.664
234,PF,Residencial,8,5,5.1,22.4,Medio,Frequente,3,0,5,0,0,0,0,0,2184.6000000000004
235,PF,Comercial,32,5,7.3,23.6,Medio,Frequente,0,5,14,0,4,0,0,9,4023.81
236,PJ,Residencial,5,3,5.7,19.333333333333332,Medio,Frequente,0,1,0,0,0,0,2,2,41.536
237,PF,Comercial,60,6,7.55,20.166666666666668,Medio,Frequente,0,11,18,0,12,0,0,19,5630.728
238,PF,Residencial,16,7,20.771428571428572,23.857142857142858,Alto,Frequente,2,1,8,3,0,0,2,0,1854.224
239,PF,Industrial,47,5,10.5,21.4,Alto,Frequente,0,14,0,0,6,9,0,18,28178.1
240,PF,Residencial,20,8,8.125,26.0,Alto,Constante,0,0,17,1,0,0,2,0,3669.99
241,PJ,Comercial,32,5,7.06,25.6,Medio,Constante,0,11,2,0,2,0,0,17,7694.94
242,PJ,Comercial,61,8,5.925,23.25,Medio,Frequente,0,15,16,3,11,0,0,16,10512.6
243,PJ,Comercial,16,3,10.133333333333333,22.333333333333332,Alto,Frequente,0,2,0,0,11,0,0,3,2946.75
244,PF,Comercial,38,4,6.75,23.25,Medio,Frequente,0,13,23,0,0,0,0,2,4281.5
245,PF,Comercial,54,6,6.633333333333333,24.166666666666668,Medio,Frequente,0,10,13,14,4,0,0,13,2898.47
246,PJ,Comercial,42,4,9.5,22.0,Alto,Frequente,0,12,19,0,0,0,0,11,1798.02
247,PF,Residencial,6,3,6.866666666666667,23.0,Medio,Frequente,3,0,3,0,0,0,0,0,6277.500000000001
248,PJ,Residencial,13,6,6.1000000000000005,23.333333333333332,Medio,Frequente,1,1,5,3,0,0,0,3,1191.814
249,PJ,Industrial,7,3,9.033333333333333,25.0,Alto,Frequente,0,0,0,0,2,3,0,2,7356.0
250,PJ,Comercial,52,8,6.675,24.5,Medio,Frequente,0,9,15,4,11,0,0,13,5370.44
251,PF,Comercial,55,7,7.442857142857142,21.428571428571427,Medio,Frequente,0,13,9,11,13,0,0,9,4225.755
252,PF,Residencial,6,3,10.966666666666667,17.0,Alto,Frequente,0,0,6,0,0,0,0,0,1328.4
253,PJ,Residencial,11,7,7.171428571428572,19.857142857142858,Medio,Frequente,1,3,5,1,0,0,0,1,1571.758
254,PF,Residencial,15,8,7.45,21.5,Medio,Frequente,3,0,10,1,0,0,0,1,3705.624
255,PF,Comercial,54,7,9.614285714285714,21.571428571428573,Alto,Frequente,0,19,5,11,2,0,0,17,4953.737
256,PF,Residencial,10,5,8.88,19.2,Alto,Frequente,0,0,7,3,0,0,0,0,601.768
257,PJ,Residencial,13,8,8.975,24.375,Alto,Frequente,1,3,7,1,0,0,1,0,3122.928
258,PF,Residencial,7,4,6.25,20.25,Medio,Frequente,1,0,6,0,0,0,0,0,980.6819999999999
259,PF,Residencial,18,7,7.128571428571428,20.142857142857142,Medio,Frequente,2,3,8,0,0,0,2,3,4688.56
260,PF,Residencial,12,8,21.075,20.5,Alto,Frequente,1,1,5,2,0,0,1,2,14275.588
261,PF,Residencial,6,5,9.84,19.6,Alto,Frequente,1,1,3,1,0,0,0,0,2599.635
262,PJ,Comercial,56,6,8.700000000000001,23.666666666666668,Alto,Frequente,0,13,20,11,12,0,0,0,5007.69
263,PF,Residencial,16,7,9.042857142857143,23.714285714285715,Alto,Frequente,2,3,6,3,0,0,2,0,3628.1250000000005
264,PF,Residencial,14,7,4.0285714285714285,26.714285714285715,Medio,Constante,0,2,7,0,0,0,3,2,661.516
265,PJ,Residencial,14,8,6.15,23.0,Medio,Frequente,3,1,5,4,0,0,1,0,5057.798999999999
266,PJ,Residencial,4,3,6.8,20.666666666666668,Medio,Frequente,0,1,2,1,0,0,0,0,492.69000000000005
267,PF,Residencial,11,5,9.120000000000001,23.0,Alto,Frequente,5,0,3,2,0,0,1,0,4550.508000000001
268,PJ,Residencial,16,7,7.042857142857144,22.285714285714285,Medio,Frequente,2,3,9,2,0,0,0,0,2382.864
269,PF,Comercial,47,6,8.516666666666667,20.0,Alto,Frequente,0,3,12,8,8,0,0,16,4282.86
270,PF,Residencial,15,6,8.516666666666667,23.5,Alto,Frequente,3,0,6,1,0,0,2,3,7028.851
271,PJ,Comercial,49,5,3.4,27.6,Baixo,Constante,0,10,9,11,8,0,0,11,2932.2349999999997
272,PJ,Comercial,52,7,8.828571428571427,22.428571428571427,Alto,Frequente,0,21,2,8,11,0,0,10,6348.997
273,PJ,Comercial,26,6,8.533333333333333,25.166666666666668,Alto,Constante,0,11,5,0,4,0,0,6,3077.27
274,PJ,Residencial,5,3,7.433333333333334,23.666666666666668,Medio,Frequente,0,0,4,1,0,0,0,0,407.10999999999996
275,PF,Residencial,11,5,5.720000000000001,22.8,Medio,Frequente,1,6,4,0,0,0,0,0,1415.8880000000001
276,PF,Residencial,15,7,8.085714285714285,23.285714285714285,Alto,Frequente,2,0,8,3,0,0,0,2,4872.71
277,PJ,Residencial,11,6,5.966666666666666,23.666666666666668,Medio,Frequente,3,3,4,1,0,0,0,0,731.139
278,PF,Industrial,40,5,8.32,20.6,Alto,Frequente,0,10,0,0,3,10,0,17,21864.7
279,PJ,Residencial,7,4,9.7,19.25,Alto,Frequente,0,0,6,1,0,0,0,0,1023.618
280,PJ,Residencial,7,4,7.725,24.75,Medio,Frequente,3,2,1,0,0,0,1,0,4996.168000000001
281,PJ,Comercial,41,6,6.833333333333333,23.833333333333332,Medio,Frequente,0,6,11,2,12,0,0,10,3455.032
282,PF,Comercial,58,7,8.328571428571427,21.857142857142858,Alto,Frequente,0,14,15,11,5,0,0,13,6303.655999999999
283,PF,Residencial,10,4,5.075,25.0,Medio,Frequente,0,3,5,0,0,0,2,0,1694.6880000000003
284,PF,Residencial,17,8,9.375,22.5,Alto,Frequente,1,3,8,5,0,0,0,0,1833.6000000000001
285,PF,Residencial,6,5,6.459999999999999,18.4,Medio,Frequente,1,0,2,1,0,0,1,1,1624.68
286,PF,Residencial,11,4,5.625,24.75,Medio,Frequente,0,3,8,0,0,0,0,0,1491.5700000000002
287,PF,Residencial,16,8,7.1875,23.25,Medio,Frequente,1,2,5,5,0,0,0,3,2434.4100000000003
288,PF,Residencial,7,3,9.266666666666667,22.0,Alto,Frequente,0,0,4,3,0,0,0,0,1415.835
289,PF,Residencial,15,7,6.8,21.0,Medio,Frequente,2,3,4,3,0,0,0,3,1822.8149999999998
290,PF,Residencial,10,6,6.3,20.833333333333332,Medio,Frequente,1,0,5,4,0,0,0,0,2208.405
291,PF,Residencial,13,6,5.866666666666667,22.166666666666668,Medio,Frequente,0,0,8,5,0,0,0,0,1039.38
292,PF,Residencial,6,3,6.3999999999999995,22.333333333333332,Medio,Frequente,0,0,1,5,0,0,0,0,168.96
293,PJ,Residencial,14,7,9.142857142857142,18.714285714285715,Alto,Frequente,2,3,6,0,0,0,3,0,1515.996
294,PF,Comercial,27,4,5.075,23.0,Medio,Frequente,0,0,6,6,0,0,0,15,2317.2000000000003
295,PF,Comercial,65,8,8.925,24.625,Alto,Frequente,0,7,22,3,14,0,0,19,4632.21
296,PF,Residencial,5,3,10.2,19.333333333333332,Alto,Frequente,2,1,2,0,0,0,0,0,2839.68
297,PJ,Residencial,7,3,7.566666666666666,23.666666666666668,Medio,Frequente,0,3,1,3,0,0,0,0,1314.4199999999998
298,PF,Residencial,13,6,6.283333333333334,23.333333333333332,Medio,Frequente,4,0,9,0,0,0,0,0,3133.26
299,PF,Comercial,62,6,3.516666666666667,22.333333333333332,Baixo,Frequente,0,11,12,10,13,0,0,16,3775.8100000000004
300,PF,Comercial,56,6,5.566666666666666,26.166666666666668,Medio,Constante,0,18,17,0,0,0,0,21,7028.403
301,PF,Residencial,13,6,7.833333333333333,22.5,Medio,Frequente,2,3,8,0,0,0,0,0,1857.348
302,PF,Industrial,33,4,7.15,26.25,Medio,Constante,0,6,0,0,7,0,0,20,7686.400000000001
303,PF,Residencial,5,3,8.133333333333333,21.333333333333332,Alto,Frequente,2,2,1,0,0,0,0,0,3202.4420000000005
304,PF,Residencial,6,3,12.0,19.666666666666668,Alto,Frequente,0,0,4,0,0,0,0,2,1492.7400000000002
305,PJ,Comercial,43,6,7.283333333333334,21.333333333333332,Medio,Frequente,0,8,19,4,0,0,0,12,3517.2200000000003
306,PJ,Comercial,57,8,7.987500000000001,25.0,Medio,Frequente,0,17,13,8,9,0,0,10,5295.722
307,PF,Comercial,40,5,8.52,21.0,Alto,Frequente,0,0,11,13,6,0,0,10,2522.4100000000003
308,PF,Comercial,55,7,6.6000000000000005,22.714285714285715,Medio,Frequente,0,8,17,12,10,0,0,8,2343.219
309,PJ,Residencial,9,5,7.24,25.6,Medio,Constante,1,0,4,3,0,0,1,0,1643.3880000000001
310,PF,Comercial,63,8,8.0625,23.75,Alto,Frequente,0,24,16,4,6,0,0,13,9364.668
311,PF,Residencial,14,8,7.725,22.0,Medio,Frequente,0,4,7,1,0,0,2,0,2273.923
312,PF,Comercial,57,8,7.775,23.375,Medio,Frequente,0,15,21,4,4,0,0,13,5405.641
313,PF,Residencial,14,6,7.433333333333333,21.333333333333332,Medio,Frequente,2,4,6,2,0,0,0,0,3551.308
314,PJ,Comercial,20,4,8.9,22.25,Alto,Frequente,0,3,6,0,4,0,0,7,2888.8399999999997
315,PJ,Residencial,8,3,7.2,25.0,Medio,Frequente,0,0,8,0,0,0,0,0,596.6999999999999
316,PF,Comercial,52,7,6.514285714285714,24.857142857142858,Medio,Frequente,0,19,17,9,0,0,0,7,3817.952
317,PF,Residencial,8,5,6.3,24.4,Medio,Frequente,0,0,4,2,0,0,0,2,548.765
318,PF,Comercial,56,8,6.8125,25.125,Medio,Constante,0,15,13,6,5,0,0,17,4044.008
319,PF,Residencial,6,4,4.175,22.75,Medio,Frequente,1,1,3,0,0,0,0,1,275.937
320,PF,Residencial,14,7,21.37142857142857,22.571428571428573,Alto,Frequente,3,0,5,6,0,0,0,0,12419.779999999999
321,PF,Residencial,14,7,6.5,24.285714285714285,Medio,Frequente,3,2,5,0,0,0,3,1,2863.624
322,PF,Residencial,10,5,4.4399999999999995,21.8,Medio,Frequente,0,5,5,0,0,0,0,0,784.8100000000001
323,PF,Comercial,49,7,9.714285714285714,22.428571428571427,Alto,Frequente,0,14,6,9,5,0,0,15,10997.305000000002
324,PF,Residencial,9,6,7.233333333333333,22.833333333333332,Medio,Frequente,3,0,4,0,0,0,0,2,3323.0399999999995
325,PJ,Industrial,29,4,27.6,25.0,Alto,Frequente,0,5,0,0,8,0,0,16,7690.4
326,PF,Residencial,11,6,9.65,22.833333333333332,Alto,Frequente,3,0,4,2,0,0,0,2,4356.17
327,PF,Residencial,7,5,8.8,21.2,Alto,Frequente,0,2,5,0,0,0,0,0,1452.12
328,PF,Comercial,40,5,9.84,24.0,Alto,Frequente,0,0,6,13,8,0,0,13,3799.96
329,PF,Comercial,30,4,6.8500000000000005,22.75,Medio,Frequente,0,13,2,0,0,0,0,15,5380.800000000001
330,PF,Residencial,16,8,6.1375,21.5,Medio,Frequente,1,0,10,3,0,0,2,0,2363.862
331,PF,Residencial,15,7,7.8428571428571425,26.857142857142858,Medio,Constante,3,2,5,3,0,0,2,0,2867.7439999999997
332,PJ,Comercial,61,8,8.0375,23.125,Alto,Frequente,0,14,25,9,4,0,0,9,5299.102
333,PF,Residencial,14,7,7.4142857142857155,21.142857142857142,Medio,Frequente,1,0,8,5,0,0,0,0,1594.73
334,PF,Industrial,28,3,10.299999999999999,20.333333333333332,Alto,Frequente,0,2,0,0,13,0,0,13,3235.1800000000003
335,PF,Industrial,26,5,10.959999999999999,24.0,Alto,Frequente,0,2,0,0,2,2,0,20,8959.6
336,PF,Comercial,37,7,7.985714285714286,23.0,Medio,Frequente,0,13,4,3,11,0,0,6,4651.08
337,PJ,Residencial,11,6,8.35,23.166666666666668,Alto,Frequente,2,3,5,0,0,0,1,0,1704.96
338,PJ,Comercial,58,7,7.971428571428571,22.857142857142858,Medio,Frequente,0,9,14,11,10,0,0,14,5618.97
339,PF,Residencial,17,8,6.8375,19.875,Medio,Frequente,1,3,7,1,0,0,3,2,863.3200000000002
340,PF,Residencial,16,7,9.942857142857141,23.714285714285715,Alto,Frequente,3,0,6,4,0,0,3,0,4028.4
341,PF,Residencial,15,8,19.849999999999998,25.0,Alto,Frequente,3,0,7,1,0,0,1,3,36539.424
342,PF,Residencial,5,3,10.4,25.0,Alto,Frequente,2,0,3,0,0,0,0,0,2346.2
343,PF,Comercial,27,4,7.15,20.5,Medio,Frequente,0,2,23,0,0,0,0,2,1521.896
344,PF,Comercial,55,8,8.9875,23.625,Alto,Frequente,0,16,10,3,12,0,0,14,6703.728
345,PF,Comercial,38,4,8.7,23.75,Alto,Frequente,0,9,22,0,0,0,0,7,3473.1
346,PF,Residencial,5,3,10.6,19.333333333333332,Alto,Frequente,0,0,0,3,0,0,0,2,151.69
347,PF,Residencial,8,3,4.066666666666666,22.666666666666668,Medio,Frequente,3,0,2,3,0,0,0,0,1406.07
348,PF,Residencial,17,7,4.985714285714286,23.714285714285715,Medio,Frequente,0,1,8,3,0,0,3,2,611.344
349,PF,Industrial,41,5,2.54,20.2,Baixo,Frequente,0,11,0,0,6,7,0,17,4625.700000000001
350,PF,Residencial,10,7,7.971428571428571,22.714285714285715,Medio,Frequente,4,1,3,1,0,0,1,0,4084.084
351,PF,Comercial,41,5,6.4799999999999995,21.0,Medio,Frequente,0,18,13,10,0,0,0,0,1959.194
352,PJ,Residencial,5,3,10.366666666666667,23.0,Alto,Frequente,0,2,3,0,0,0,0,0,467.19000000000005
353,PF,Residencial,18,8,6.5125,21.875,Medio,Frequente,2,6,5,0,0,0,3,2,2975.25
354,PF,Comercial,67,8,6.725,21.0,Medio,Frequente,0,21,5,14,7,0,0,20,8488.766
355,PF,Residencial,13,7,5.3428571428571425,23.142857142857142,Medio,Frequente,0,5,5,2,0,0,1,0,1083.8500000000001
356,PF,Comercial,22,5,7.82,23.4,Medio,Frequente,0,0,5,3,6,0,0,8,3401.8149999999996
357,PF,Industrial,15,3,8.866666666666665,18.0,Alto,Frequente,0,2,0,0,11,0,0,2,3516.8799999999997
358,PF,Residencial,5,3,3.4333333333333336,24.666666666666668,Baixo,Frequente,0,4,1,0,0,0,0,0,461.2
359,PJ,Residencial,17,8,8.4375,22.625,Alto,Frequente,2,2,9,1,0,0,3,0,3873.0989999999997
360,PF,Residencial,8,5,9.86,22.2,Alto,Frequente,1,0,2,2,0,0,0,3,1359.54
361,PF,Industrial,38,5,7.659999999999999,20.6,Medio,Frequente,0,11,0,0,8,6,0,13,21962.139999999996
362,PF,Residencial,12,5,6.340000000000001,21.0,Medio,Frequente,5,2,5,0,0,0,0,0,3982.072
363,PF,Comercial,72,8,5.05,20.625,Medio,Frequente,0,16,27,4,5,0,0,20,6564.66
364,PF,Comercial,39,6,8.4,21.333333333333332,Alto,Frequente,0,9,0,5,12,0,0,13,7247.55
365,PJ,Comercial,62,7,5.557142857142857,23.142857142857142,Medio,Frequente,0,15,14,12,10,0,0,11,5252.632
366,PF,Residencial,10,4,5.425,27.0,Medio,Constante,2,0,8,0,0,0,0,0,2526.62
367,PJ,Comercial,26,4,9.075,16.25,Alto,Frequente,0,11,11,0,0,0,0,4,1717.992
368,PJ,Industrial,30,3,10.866666666666667,25.333333333333332,Alto,Constante,0,0,0,0,0,12,0,18,39382.799999999996
369,PF,Residencial,14,8,5.225,24.5,Medio,Frequente,2,1,3,4,0,0,1,3,1611.742
370,PF,Residencial,16,7,7.885714285714286,21.0,Medio,Frequente,5,2,5,1,0,0,0,3,5065.62
371,PF,Industrial,48,5,8.66,22.6,Alto,Frequente,0,14,0,0,14,11,0,9,29693.92
372,PF,Residencial,13,6,11.200000000000001,22.666666666666668,Alto,Frequente,3,3,4,2,0,0,0,1,5273.908
373,PF,Comercial,49,5,5.08,24.4,Medio,Frequente,0,14,24,0,0,0,0,11,1580.891
374,PF,Residencial,19,8,10.6375,26.75,Alto,Constante,2,2,9,1,0,0,2,3,6280.92
375,PF,Residencial,14,7,5.4,23.285714285714285,Medio,Frequente,3,0,7,0,0,0,2,2,2839.2639999999997
376,PF,Comercial,58,8,8.35,25.75,Alto,Constante,0,21,11,2,5,0,0,19,6608.994
377,PJ,Residencial,16,6,7.516666666666666,18.833333333333332,Medio,Frequente,2,0,5,6,0,0,0,3,1909.35
378,PF,Residencial,18,7,7.414285714285714,26.0,Medio,Constante,0,6,9,3,0,0,0,0,2627.5800000000004
379,PJ,Residencial,7,3,3.966666666666667,24.0,Baixo,Frequente,0,0,7,0,0,0,0,0,1245.9600000000003
380,PF,Residencial,9,5,9.559999999999999,23.8,Alto,Frequente,2,0,6,0,0,0,0,1,3099.64
381,PF,Residencial,10,5,8.24,22.4,Alto,Frequente,0,1,5,1,0,0,0,3,728.9399999999999
382,PF,Residencial,11,5,7.220000000000001,21.6,Medio,Frequente,2,3,6,0,0,0,0,0,1969.4279999999999
383,PF,Industrial,28,4,6.925,18.75,Medio,Frequente,0,7,0,0,3,4,0,14,4619.5
384,PJ,Residencial,5,3,7.733333333333333,24.333333333333332,Medio,Frequente,1,0,4,0,0,0,0,0,1005.9000000000001
385,PJ,Comercial,25,4,9.575,24.25,Alto,Frequente,0,5,4,9,0,0,0,7,1781.2549999999999
386,PJ,Residencial,9,3,11.833333333333334,27.666666666666668,Alto,Constante,0,3,3,3,0,0,0,0,1800.6599999999999
387,PF,Comercial,49,5,3.9200000000000004,19.4,Baixo,Frequente,0,21,10,9,0,0,0,9,3694.412
388,PF,Residencial,14,7,8.442857142857143,22.857142857142858,Alto,Frequente,3,0,11,0,0,0,0,0,3861.0419999999995
389,PJ,Industrial,29,4,6.525,20.75,Medio,Frequente,0,0,0,0,4,10,0,15,18878.775
390,PJ,Residencial,5,4,10.375,21.0,Alto,Frequente,1,0,3,0,0,0,1,0,1476.376
391,PJ,Residencial,11,5,10.14,23.6,Alto,Frequente,0,2,8,0,0,0,0,1,524.301
392,PF,Residencial,12,7,6.057142857142857,23.428571428571427,Medio,Frequente,2,4,1,4,0,0,1,0,1929.7100000000003
393,PF,Residencial,14,7,5.471428571428571,23.0,Medio,Frequente,1,2,6,3,0,0,0,2,1202.28
394,PJ,Residencial,5,3,8.1,18.0,Alto,Frequente,0,0,2,2,0,0,0,1,144.87
395,PF,Residencial,6,4,9.475,22.75,Alto,Frequente,3,0,1,2,0,0,0,0,4360.9400000000005
396,PJ,Comercial,54,6,6.2,21.666666666666668,Medio,Frequente,0,27,15,2,0,0,0,10,2035.3449999999998
397,PJ,Residencial,15,7,10.657142857142857,23.857142857142858,Alto,Frequente,2,4,4,5,0,0,0,0,3609.6
398,PF,Residencial,7,3,7.633333333333333,17.666666666666668,Medio,Frequente,0,0,4,3,0,0,0,0,184.75000000000003
399,PJ,Comercial,34,4,9.3,20.5,Alto,Frequente,0,17,0,7,0,0,0,10,6211.477999999999
400,PJ,Comercial,29,5,10.319999999999999,23.4,Alto,Frequente,0,8,7,0,4,0,0,10,6009.6900000000005
401,PF,Residencial,12,7,8.414285714285715,23.285714285714285,Alto,Frequente,2,3,2,2,0,0,0,3,2807.372
402,PJ,Residencial,20,8,6.0625,22.125,Medio,Frequente,2,6,5,5,0,0,0,2,1770.08
403,PF,Residencial,6,5,3.8200000000000003,23.6,Baixo,Frequente,1,0,2,1,0,0,2,0,772.5319999999999
404,PJ,Comercial,45,6,8.783333333333333,22.0,Alto,Frequente,0,6,26,4,0,0,0,9,3156.764
405,PF,Comercial,20,4,6.300000000000001,23.25,Medio,Frequente,0,0,4,2,3,0,0,11,985.5550000000001
406,PJ,Residencial,13,8,7.85,23.875,Medio,Frequente,3,1,3,4,0,0,1,1,2399.69
407,PF,Comercial,54,7,8.5,22.857142857142858,Alto,Frequente,0,7,26,6,5,0,0,10,2610.396
408,PF,Comercial,56,6,7.566666666666666,21.833333333333332,Medio,Frequente,0,4,21,14,0,0,0,17,5981.955
409,PJ,Residencial,8,4,4.9,22.0,Medio,Frequente,2,0,2,1,0,0,0,3,1658.675
410,PF,Comercial,50,7,7.542857142857143,21.714285714285715,Medio,Frequente,0,17,13,8,4,0,0,8,4417.665
411,PF,Residencial,11,5,4.74,27.0,Medio,Constante,0,2,6,0,0,0,3,0,396.32
412,PJ,Residencial,15,7,6.8428571428571425,24.857142857142858,Medio,Frequente,0,0,13,2,0,0,0,0,1045.74
413,PJ,Residencial,7,3,6.066666666666666,23.0,Medio,Frequente,0,0,4,3,0,0,0,0,855.657
414,PF,Residencial,12,6,5.633333333333333,25.666666666666668,Medio,Constante,3,1,6,0,0,0,0,2,3816.018000000001
415,PF,Residencial,7,3,5.933333333333334,22.666666666666668,Medio,Frequente,0,0,4,3,0,0,0,0,519.24
416,PF,Industrial,31,5,7.5200000000000005,24.8,Medio,Frequente,0,6,0,0,2,9,0,14,17862.93
417,PF,Residencial,8,5,7.3,19.0,Medio,Frequente,0,0,6,2,0,0,0,0,893.91
418,PF,Residencial,3,3,6.533333333333334,22.333333333333332,Medio,Frequente,1,1,1,0,0,0,0,0,967.15
419,PF,Residencial,10,6,7.3999999999999995,21.666666666666668,Medio,Frequente,2,2,4,2,0,0,0,0,3274.02
420,PJ,Industrial,31,3,6.033333333333334,25.333333333333332,Medio,Constante,0,0,0,0,0,4,0,27,6157.55
421,PJ,Residencial,7,4,7.574999999999999,23.0,Medio,Frequente,0,0,4,3,0,0,0,0,590.7
422,PJ,Residencial,13,6,6.866666666666667,20.833333333333332,Medio,Frequente,1,3,7,0,0,0,0,2,1588.62
423,PF,Residencial,11,5,7.06,22.4,Medio,Frequente,3,3,5,0,0,0,0,0,2134.8
424,PF,Residencial,7,4,7.85,25.0,Medio,Frequente,1,0,0,3,0,0,2,1,661.7659999999998
425,PF,Industrial,45,5,5.58,23.4,Medio,Frequente,0,9,0,0,9,14,0,13,26767.359999999997
426,PF,Industrial,44,5,6.22,19.8,Medio,Frequente,0,5,0,0,6,14,0,19,24489.2
427,PF,Residencial,13,5,5.779999999999999,20.4,Medio,Frequente,0,2,6,2,0,0,0,3,444.29599999999994
428,PJ,Industrial,19,3,4.833333333333333,27.0,Medio,Constante,0,3,0,0,0,3,0,13,2314.26
429,PF,Comercial,37,5,5.92,21.0,Medio,Frequente,0,8,4,11,2,0,0,12,5609.17
430,PF,Comercial,41,5,10.34,22.2,Alto,Frequente,0,6,15,0,8,0,0,12,12850.559999999998
431,PF,Residencial,19,8,8.0375,23.375,Alto,Frequente,4,1,11,0,0,0,0,3,4257.879999999999
432,PJ,Residencial,10,4,6.525,23.5,Medio,Frequente,0,0,10,0,0,0,0,0,1599.0
433,PF,Residencial,11,5,9.08,20.0,Alto,Frequente,4,2,0,5,0,0,0,0,5408.550000000001
434,PF,Comercial,54,8,8.3625,23.0,Alto,Frequente,0,21,9,2,5,0,0,17,11540.54
435,PF,Residencial,14,8,6.975,23.75,Medio,Frequente,2,4,8,0,0,0,0,0,2569.41
436,PJ,Residencial,14,7,9.299999999999999,21.428571428571427,Alto,Frequente,3,2,7,1,0,0,1,0,4778.672
437,PF,Residencial,11,5,6.9,26.8,Medio,Constante,0,0,7,0,0,0,2,2,1257.7939999999999
438,PJ,Comercial,62,6,7.966666666666666,20.166666666666668,Medio,Frequente,0,22,0,14,14,0,0,12,7368.11
439,PJ,Residencial,15,8,7.1875,22.875,Medio,Frequente,3,3,5,4,0,0,0,0,4236.25
440,PF,Comercial,63,8,9.425,25.875,Alto,Constante,0,19,13,8,8,0,0,15,13103.916
441,PF,Industrial,26,3,6.1000000000000005,21.333333333333332,Medio,Frequente,0,11,0,0,0,6,0,9,11302.62
442,PJ,Residencial,9,4,9.975,20.5,Alto,Frequente,0,2,7,0,0,0,0,0,1096.0320000000002
443,PF,Comercial,32,4,3.5749999999999997,20.0,Baixo,Frequente,0,14,14,0,0,0,0,4,1461.7600000000002
444,PF,Residencial,11,4,7.5,21.5,Medio,Frequente,0,2,6,0,0,0,3,0,276.23599999999993
445,PJ,Comercial,55,6,7.583333333333333,25.0,Medio,Frequente,0,15,18,0,12,0,0,10,9720.076
446,PJ,Residencial,10,5,7.12,26.8,Medio,Constante,3,0,5,0,0,0,0,2,3811.7400000000002
447,PJ,Comercial,53,7,7.485714285714286,21.857142857142858,Medio,Frequente,0,8,15,5,5,0,0,20,3262.63
448,PJ,Comercial,32,4,8.25,18.75,Alto,Frequente,0,14,13,5,0,0,0,0,1168.7800000000002
449,PF,Industrial,34,5,10.58,24.0,Alto,Frequente,0,2,0,0,14,3,0,15,16295.459999999997
450,PF,Comercial,32,4,8.825,20.75,Alto,Frequente,0,7,2,9,0,0,0,14,5742.224
451,PJ,Residencial,12,5,7.06,24.8,Medio,Frequente,0,0,4,3,0,0,2,3,611.28
452,PF,Comercial,33,5,8.14,25.4,Alto,Constante,0,20,4,2,0,0,0,7,3511.098
453,PF,Comercial,60,7,5.928571428571429,20.857142857142858,Medio,Frequente,0,3,22,11,7,0,0,17,3072.035
454,PJ,Residencial,7,4,3.9,21.75,Baixo,Frequente,2,0,3,0,0,0,0,2,1153.706
455,PF,Residencial,4,3,11.233333333333334,21.333333333333332,Alto,Frequente,0,0,0,3,0,0,1,0,106.80000000000001
456,PF,Industrial,19,3,6.633333333333333,24.0,Medio,Frequente,0,3,0,0,0,14,0,2,19295.2
457,PF,Comercial,58,8,8.675,21.75,Alto,Frequente,0,14,24,4,3,0,0,13,3476.364
458,PF,Comercial,70,7,8.457142857142857,22.571428571428573,Alto,Frequente,0,15,21,8,13,0,0,13,7161.148999999999
459,PF,Residencial,7,3,10.700000000000001,24.0,Alto,Frequente,0,0,6,0,0,0,0,1,262.296
460,PF,Comercial,65,8,7.0,21.0,Medio,Frequente,0,12,21,8,7,0,0,17,6382.433000000001
461,PF,Residencial,5,3,10.533333333333333,17.333333333333332,Alto,Frequente,0,2,0,2,0,0,0,1,582.98
462,PF,Comercial,56,7,9.857142857142858,21.571428571428573,Alto,Frequente,0,17,13,11,0,0,0,15,5840.484
463,PJ,Residencial,14,7,7.271428571428571,22.857142857142858,Medio,Frequente,2,0,8,1,0,0,2,1,4570.169
464,PF,Comercial,65,8,8.3125,20.625,Alto,Frequente,0,21,12,7,6,0,0,19,5799.255
465,PJ,Industrial,24,4,7.2,22.75,Medio,Frequente,0,4,0,0,6,7,0,7,18739.440000000002
466,PF,Residencial,6,3,8.066666666666666,24.333333333333332,Alto,Frequente,0,0,3,3,0,0,0,0,1313.6299999999997
467,PF,Industrial,28,4,7.4,22.25,Medio,Frequente,0,8,0,0,9,0,0,11,4395.165
468,PJ,Residencial,11,6,8.416666666666666,24.333333333333332,Alto,Frequente,0,2,6,2,0,0,0,1,641.555
469,PF,Comercial,49,6,8.966666666666667,22.5,Alto,Frequente,0,6,14,10,0,0,0,19,7368.54
470,PJ,Comercial,47,7,5.385714285714286,22.857142857142858,Medio,Frequente,0,8,3,3,12,0,0,21,3653.61
471,PF,Residencial,8,4,9.5,22.0,Alto,Frequente,0,1,2,2,0,0,0,3,678.03
472,PJ,Comercial,42,5,7.659999999999999,19.4,Medio,Frequente,0,5,13,6,4,0,0,14,4569.55
473,PF,Comercial,33,6,9.116666666666667,24.833333333333332,Alto,Frequente,0,5,8,3,2,0,0,15,5998.710000000001
474,PJ,Residencial,14,7,9.285714285714286,25.0,Alto,Frequente,3,3,4,4,0,0,0,0,2789.708
475,PF,Residencial,14,6,6.666666666666667,20.5,Medio,Frequente,3,0,8,0,0,0,0,3,5252.964
476,PJ,Comercial,45,6,7.45,22.166666666666668,Medio,Frequente,0,8,10,0,8,0,0,19,5811.6
477,PF,Comercial,59,8,9.55,23.125,Alto,Frequente,0,16,20,3,9,0,0,11,7576.819
478,PF,Comercial,66,8,9.6625,22.75,Alto,Frequente,0,21,14,12,14,0,0,5,9143.283
479,PJ,Comercial,54,7,21.071428571428573,19.428571428571427,Alto,Frequente,0,9,2,11,12,0,0,20,20506.02
480,PF,Residencial,6,3,10.366666666666667,21.0,Alto,Frequente,0,0,2,3,0,0,0,1,172.15800000000002
481,PF,Comercial,96,8,7.325,24.125,Medio,Frequente,0,25,26,12,9,0,0,24,7532.322
482,PF,Residencial,8,4,6.15,24.25,Medio,Frequente,3,0,2,0,0,0,1,2,1155.894
483,PF,Residencial,14,8,8.05,22.75,Alto,Frequente,6,1,5,1,0,0,1,0,3918.7649999999994
484,PF,Residencial,18,8,10.175,22.75,Alto,Frequente,4,0,10,2,0,0,0,2,3823.5299999999997
485,PF,Residencial,12,5,6.12,25.6,Medio,Constante,3,0,3,3,0,0,3,0,3944.9640000000004
486,PJ,Residencial,18,7,5.985714285714286,25.428571428571427,Medio,Constante,3,5,10,0,0,0,0,0,4578.696
487,PF,Residencial,11,4,5.725,19.5,Medio,Frequente,3,2,6,0,0,0,0,0,3917.5199999999995
488,PF,Comercial,70,8,5.4,21.125,Medio,Frequente,0,17,21,9,3,0,0,20,4796.466
489,PJ,Residencial,9,5,4.64,17.0,Medio,Frequente,2,3,2,0,0,0,0,2,1244.3899999999999
490,PJ,Residencial,16,8,7.725,22.0,Medio,Frequente,3,3,6,4,0,0,0,0,2758.63
491,PF,Residencial,15,7,7.985714285714286,23.142857142857142,Medio,Frequente,2,2,5,0,0,0,3,3,3919.8360000000002
492,PF,Residencial,18,8,8.375,23.0,Alto,Frequente,4,4,0,6,0,0,1,3,3311.973
493,PF,Residencial,3,3,5.3999999999999995,23.666666666666668,Medio,Frequente,0,0,2,0,0,0,0,1,421.89000000000004
494,PF,Residencial,10,6,6.0,21.833333333333332,Medio,Frequente,1,0,4,1,0,0,2,2,1403.3
495,PF,Comercial,48,6,6.2,21.5,Medio,Frequente,0,9,10,10,14,0,0,5,2962.56
496,PF,Comercial,16,4,10.35,25.5,Alto,Constante,0,2,4,0,0,0,0,10,4073.1
497,PF,Comercial,46,7,6.3999999999999995,23.142857142857142,Medio,Frequente,0,11,18,2,12,0,0,3,2106.74
498,PF,Residencial,7,3,6.933333333333334,24.333333333333332,Medio,Frequente,0,0,5,2,0,0,0,0,143.59199999999998
499,PJ,Residencial,9,5,9.92,23.2,Alto,Frequente,0,1,6,2,0,0,0,0,967.784
500,PF,Comercial,32,5,9.0,21.6,Alto,Frequente,0,13,10,9,0,0,0,0,3753.9840000000004
501,PF,Residencial,9,5,10.18,19.2,Alto,Frequente,0,4,1,1,0,0,0,3,619.37
502,PF,Residencial,16,7,5.514285714285714,24.571428571428573,Medio,Frequente,5,3,4,1,0,0,0,3,5056.344999999999
503,PF,Residencial,7,5,7.9799999999999995,23.0,Medio,Frequente,1,1,2,3,0,0,0,0,885.9300000000001
504,PJ,Residencial,14,6,8.666666666666666,18.666666666666668,Alto,Frequente,1,2,6,5,0,0,0,0,1812.0619999999997
505,PF,Residencial,9,4,6.65,22.75,Medio,Frequente,5,0,4,0,0,0,0,0,4898.07
506,PF,Residencial,8,4,8.15,20.0,Alto,Frequente,3,1,2,0,0,0,2,0,1976.9519999999998
507,PJ,Residencial,7,3,7.733333333333333,19.666666666666668,Medio,Frequente,0,3,4,0,0,0,0,0,869.7599999999999
508,PJ,Residencial,6,3,5.6000000000000005,20.333333333333332,Medio,Frequente,0,0,1,3,0,0,2,0,103.46200000000002
509,PJ,Comercial,56,7,19.62857142857143,22.428571428571427,Alto,Frequente,0,22,14,13,3,0,0,4,6868.5
510,PJ,Comercial,49,6,7.599999999999999,24.5,Medio,Frequente,0,18,16,10,5,0,0,0,6421.771999999999
511,PF,Comercial,76,8,7.1,24.625,Medio,Frequente,0,27,17,10,11,0,0,11,6299.472
512,PF,Comercial,34,5,6.859999999999999,20.0,Medio,Frequente,0,4,8,0,11,0,0,11,2379.0
513,PJ,Industrial,54,5,6.92,22.0,Medio,Frequente,0,5,0,0,14,10,0,25,19222.0
514,PJ,Residencial,15,7,7.485714285714286,20.428571428571427,Medio,Frequente,1,3,11,0,0,0,0,0,2033.2800000000002
515,PF,Residencial,15,8,7.1375,23.375,Medio,Frequente,2,0,9,0,0,0,3,1,2309.268
516,PF,Residencial,7,4,5.825,21.75,Medio,Frequente,1,0,3,0,0,0,0,3,490.88700000000006
517,PF,Comercial,46,6,8.916666666666666,19.333333333333332,Alto,Frequente,0,10,13,9,14,0,0,0,2726.82
518,PJ,Comercial,77,8,8.950000000000001,23.25,Alto,Frequente,0,26,10,10,14,0,0,17,12032.470000000001
519,PJ,Residencial,9,5,7.340000000000001,27.0,Medio,Constante,0,0,6,3,0,0,0,0,562.71
520,PF,Industrial,24,4,10.675,19.75,Alto,Frequente,0,2,0,0,6,0,0,16,5432.06
521,PF,Residencial,9,5,6.42,20.8,Medio,Frequente,0,0,4,3,0,0,2,0,201.13399999999996
522,PF,Industrial,20,3,7.766666666666666,17.666666666666668,Medio,Frequente,0,0,0,0,11,4,0,5,3008.5499999999997
523,PJ,Residencial,6,3,6.833333333333333,24.333333333333332,Medio,Frequente,1,0,5,0,0,0,0,0,1841.0700000000002
524,PJ,Residencial,14,7,7.242857142857143,22.714285714285715,Medio,Frequente,0,3,6,2,0,0,0,3,1789.7250000000001
525,PJ,Residencial,11,5,4.4,17.8,Medio,Frequente,3,0,3,1,0,0,1,3,2309.1
526,PF,Residencial,16,7,10.214285714285714,24.428571428571427,Alto,Frequente,0,3,8,0,0,0,3,2,1730.382
527,PF,Residencial,10,5,6.16,25.8,Medio,Constante,0,0,2,4,0,0,1,3,237.416
528,PF,Residencial,13,7,8.485714285714286,21.714285714285715,Alto,Frequente,1,1,10,1,0,0,0,0,1549.0800000000002
529,PF,Comercial,45,5,6.32,22.6,Medio,Frequente,0,18,0,3,13,0,0,11,4076.4200000000005
530,PJ,Residencial,14,8,7.4,23.375,Medio,Frequente,2,0,8,2,0,0,0,2,3847.2599999999998
531,PJ,Residencial,5,5,10.34,22.6,Alto,Frequente,2,0,0,1,0,0,1,1,2817.0099999999998
532,PJ,Comercial,49,8,7.5125,25.375,Medio,Constante,0,17,10,6,2,0,0,14,5576.087
533,PJ,Comercial,50,8,6.95,23.625,Medio,Frequente,0,11,8,4,10,0,0,17,2855.539
534,PF,Residencial,9,4,9.175,22.5,Alto,Frequente,0,0,8,1,0,0,0,0,509.4839999999999
535,PJ,Residencial,14,6,5.583333333333333,18.5,Medio,Frequente,6,0,4,2,0,0,0,2,2674.06
536,PJ,Residencial,14,7,5.385714285714286,22.571428571428573,Medio,Frequente,5,0,5,1,0,0,0,3,3558.009
537,PJ,Residencial,6,3,7.7,20.333333333333332,Medio,Frequente,0,3,2,1,0,0,0,0,830.92
538,PF,Comercial,22,5,7.779999999999999,23.2,Medio,Frequente,0,4,12,3,3,0,0,0,2482.2
539,PF,Residencial,14,7,7.171428571428572,22.428571428571427,Medio,Frequente,4,4,5,0,0,0,1,0,5369.586
540,PF,Residencial,10,4,4.7749999999999995,18.75,Medio,Frequente,0,3,2,2,0,0,3,0,193.83999999999997
541,PJ,Comercial,63,8,7.9,19.375,Medio,Frequente,0,14,14,7,11,0,0,17,7246.11
542,PF,Residencial,6,3,6.533333333333334,21.666666666666668,Medio,Frequente,0,2,4,0,0,0,0,0,241.14600000000002
543,PF,Residencial,18,8,7.975,22.125,Medio,Frequente,6,0,6,3,0,0,0,3,5120.28
544,PF,Residencial,18,8,8.2125,22.125,Alto,Frequente,0,1,11,3,0,0,0,3,1433.872
545,PF,Industrial,16,3,7.3,24.333333333333332,Medio,Frequente,0,9,0,0,5,2,0,0,4297.26
546,PF,Residencial,20,8,7.225,23.0,Medio,Frequente,5,3,8,2,0,0,0,2,5107.018
547,PF,Comercial,53,7,9.557142857142859,20.857142857142858,Alto,Frequente,0,23,3,6,4,0,0,17,5874.2390000000005
548,PF,Residencial,9,4,8.3,24.25,Alto,Frequente,2,0,7,0,0,0,0,0,3726.612
549,PF,Residencial,11,6,8.283333333333333,24.333333333333332,Alto,Frequente,1,1,6,2,0,0,0,1,1329.816
550,PJ,Comercial,44,4,8.55,22.75,Alto,Frequente,0,22,0,0,11,0,0,11,5834.9
551,PF,Industrial,32,5,8.48,25.2,Alto,Constante,0,6,0,0,3,10,0,13,19853.72
552,PJ,Comercial,36,5,6.62,21.6,Medio,Frequente,0,8,5,0,9,0,0,14,7705.467
553,PF,Comercial,30,4,6.975,20.75,Medio,Frequente,0,5,0,14,0,0,0,11,4286.255999999999
554,PF,Comercial,43,7,7.1571428571428575,23.857142857142858,Medio,Frequente,0,17,4,11,0,0,0,11,3483.8699999999994
555,PJ,Residencial,8,4,5.35,20.0,Medio,Frequente,4,2,0,0,0,0,0,2,2296.53
556,PF,Residencial,5,4,7.5,25.0,Medio,Frequente,1,2,1,1,0,0,0,0,2152.06
557,PF,Comercial,35,4,7.6,21.25,Medio,Frequente,0,9,8,0,7,0,0,11,7016.792
558,PF,Residencial,7,5,5.24,25.8,Medio,Constante,1,2,1,3,0,0,0,0,670.514
559,PJ,Comercial,15,4,9.125,23.25,Alto,Frequente,0,4,4,0,0,0,0,7,2317.9399999999996
560,PF,Industrial,19,3,10.066666666666666,22.333333333333332,Alto,Frequente,0,10,0,0,0,6,0,3,14157.6
561,PJ,Residencial,9,5,8.239999999999998,22.8,Alto,Frequente,4,0,3,0,0,0,0,2,6283.75
562,PF,Residencial,9,4,4.4,22.5,Medio,Frequente,3,2,4,0,0,0,0,0,1645.3050000000003
563,PF,Comercial,31,6,8.416666666666666,22.166666666666668,Alto,Frequente,0,5,16,0,8,0,0,2,3855.804
564,PF,Residencial,20,8,10.3625,20.25,Alto,Frequente,2,0,8,4,0,0,3,3,4499.447999999999
565,PF,Comercial,30,4,10.225,19.0,Alto,Frequente,0,2,0,13,7,0,0,8,5200.9
566,PF,Residencial,13,7,6.057142857142857,19.571428571428573,Medio,Frequente,0,1,9,2,0,0,0,1,833.526
567,PF,Comercial,60,6,22.833333333333332,23.666666666666668,Alto,Frequente,0,9,11,13,11,0,0,16,9353.33
568,PF,Residencial,17,8,5.1625,23.25,Medio,Frequente,1,6,7,0,0,0,0,3,1862.2770000000003
569,PJ,Comercial,37,4,9.1,21.5,Alto,Frequente,0,4,0,12,10,0,0,11,5766.776000000001
570,PF,Residencial,19,7,8.571428571428571,24.285714285714285,Alto,Frequente,0,0,11,2,0,0,3,3,1972.239
571,PF,Residencial,8,6,6.766666666666667,22.166666666666668,Medio,Frequente,1,0,5,2,0,0,0,0,1005.8599999999999
572,PJ,Residencial,20,8,4.4,22.375,Medio,Frequente,3,3,5,5,0,0,3,1,1104.48
573,PF,Comercial,59,8,5.5,21.25,Medio,Frequente,0,17,8,6,2,0,0,26,6269.92
574,PF,Comercial,46,5,10.0,22.2,Alto,Frequente,0,10,0,10,12,0,0,14,13244.128
575,PJ,Residencial,16,8,7.8,21.875,Medio,Frequente,4,1,9,2,0,0,0,0,3000.21
576,PJ,Residencial,15,6,8.966666666666667,21.5,Alto,Frequente,3,3,3,1,0,0,3,2,3889.0109999999995
577,PF,Residencial,13,5,10.78,22.4,Alto,Frequente,0,3,10,0,0,0,0,0,3566.4480000000003
578,PJ,Comercial,42,6,8.566666666666666,22.333333333333332,Alto,Frequente,0,0,13,7,12,0,0,10,3763.49
579,PF,Comercial,26,4,7.425,21.25,Medio,Frequente,0,12,3,3,0,0,0,8,5008.889999999999
580,PF,Residencial,13,7,7.185714285714285,24.142857142857142,Medio,Frequente,0,2,7,0,0,0,3,1,649.7219999999999
581,PF,Residencial,11,6,9.433333333333332,23.666666666666668,Alto,Frequente,0,2,8,1,0,0,0,0,1649.235
582,PJ,Residencial,9,5,6.92,20.2,Medio,Frequente,0,0,8,0,0,0,1,0,774.48
583,PF,Residencial,13,5,6.359999999999999,23.6,Medio,Frequente,6,3,0,2,0,0,0,2,2121.19
584,PF,Residencial,14,5,6.720000000000001,21.0,Medio,Frequente,6,0,5,3,0,0,0,0,9579.252
585,PF,Industrial,29,4,6.55,24.25,Medio,Frequente,0,7,0,0,8,0,0,14,5446.4800000000005
586,PF,Residencial,6,4,5.775,24.0,Medio,Frequente,0,2,3,0,0,0,1,0,437.808
587,PF,Comercial,47,6,10.466666666666667,22.5,Alto,Frequente,0,15,14,2,7,0,0,9,8029.54
588,PF,Residencial,6,4,7.324999999999999,18.0,Medio,Frequente,1,3,2,0,0,0,0,0,447.78000000000003
589,PF,Residencial,4,3,6.3999999999999995,23.666666666666668,Medio,Frequente,1,2,1,0,0,0,0,0,919.24
590,PF,Comercial,58,7,8.2,24.0,Alto,Frequente,0,17,21,11,3,0,0,6,5968.134
591,PF,Comercial,24,4,7.65,22.75,Medio,Frequente,0,4,8,0,7,0,0,5,2668.232
592,PF,Industrial,34,5,6.779999999999999,23.2,Medio,Frequente,0,7,0,0,4,2,0,21,7609.08
593,PF,Residencial,15,8,8.7125,22.5,Alto,Frequente,0,3,8,3,0,0,1,0,3162.072
594,PF,Residencial,15,7,10.285714285714286,20.571428571428573,Alto,Frequente,6,1,4,2,0,0,0,2,9449.045999999998
595,PJ,Comercial,28,4,9.475,20.25,Alto,Frequente,0,0,2,9,0,0,0,17,6355.29
596,PF,Residencial,7,4,6.6499999999999995,22.25,Medio,Frequente,0,1,5,0,0,0,1,0,521.5799999999999
597,PF,Residencial,9,3,8.166666666666666,24.333333333333332,Alto,Frequente,0,0,6,0,0,0,0,3,1784.9400000000003
598,PF,Residencial,15,6,6.883333333333333,22.833333333333332,Medio,Frequente,0,0,10,2,0,0,0,3,886.25
599,PF,Residencial,14,7,7.485714285714286,22.857142857142858,Medio,Frequente,0,0,10,2,0,0,1,1,1002.82
600,PF,Comercial,57,8,5.475,20.125,Medio,Frequente,0,20,11,8,3,0,0,15,2899.592
601,PF,Residencial,9,5,7.359999999999999,20.4,Medio,Frequente,0,0,2,3,0,0,2,2,686.34
602,PF,Residencial,8,4,7.975,25.0,Medio,Frequente,0,3,2,1,0,0,0,2,1081.8600000000001
603,PF,Residencial,16,7,8.685714285714285,23.857142857142858,Alto,Frequente,2,0,4,6,0,0,2,2,4215.155
604,PF,Residencial,7,4,8.55,22.0,Alto,Frequente,1,2,1,3,0,0,0,0,634.018
605,PF,Residencial,12,6,5.133333333333334,24.0,Medio,Frequente,0,0,9,2,0,0,0,1,448.51
606,PF,Residencial,14,7,5.928571428571429,21.142857142857142,Medio,Frequente,3,1,7,3,0,0,0,0,4323.09
607,PF,Residencial,10,5,8.8,23.8,Alto,Frequente,3,3,2,0,0,0,0,2,8189.07
608,PF,Comercial,29,4,9.1,26.25,Alto,Constante,0,6,3,0,14,0,0,6,11019.48
609,PF,Residencial,14,8,5.675,21.125,Medio,Frequente,2,0,9,2,0,0,1,0,1217.0059999999999
610,PF,Residencial,9,5,6.720000000000001,20.8,Medio,Frequente,5,0,1,1,0,0,2,0,2436.7380000000003
611,PF,Comercial,49,6,7.883333333333333,23.666666666666668,Medio,Frequente,0,15,23,0,0,0,0,11,7414.752
612,PJ,Comercial,25,4,7.525,22.5,Medio,Frequente,0,7,0,0,6,0,0,12,3687.708
613,PF,Residencial,16,8,8.4625,25.375,Alto,Constante,4,0,7,4,0,0,0,1,4382.032
614,PF,Residencial,4,3,10.533333333333333,22.666666666666668,Alto,Frequente,1,3,0,0,0,0,0,0,1775.8899999999999
615,PJ,Residencial,12,5,9.58,22.8,Alto,Frequente,0,2,1,6,0,0,0,3,428.354
616,PJ,Comercial,74,7,8.371428571428572,21.857142857142858,Alto,Frequente,0,14,15,14,10,0,0,21,10408.955
617,PF,Industrial,49,5,5.86,19.8,Medio,Frequente,0,3,0,0,11,14,0,21,13058.9
618,PF,Comercial,69,8,8.3,23.625,Alto,Frequente,0,21,20,14,7,0,0,7,8470.528
619,PJ,Residencial,10,4,8.725000000000001,23.25,Alto,Frequente,3,0,5,2,0,0,0,0,2849.9700000000003
620,PJ,Comercial,47,7,7.957142857142857,22.857142857142858,Medio,Frequente,0,9,9,8,2,0,0,19,7337.41
621,PF,Residencial,11,6,5.0,20.666666666666668,Medio,Frequente,0,2,8,0,0,0,1,0,458.75600000000003
622,PF,Residencial,14,7,7.8428571428571425,24.714285714285715,Medio,Frequente,5,0,6,3,0,0,0,0,5023.030000000001
623,PF,Residencial,17,8,8.175,24.0,Alto,Frequente,3,1,7,6,0,0,0,0,3414.6959999999995
624,PF,Industrial,44,5,6.08,22.0,Medio,Frequente,0,8,0,0,14,6,0,16,13203.165
625,PF,Residencial,7,4,5.925,21.75,Medio,Frequente,1,0,1,3,0,0,2,0,1050.388
626,PF,Comercial,28,5,8.26,21.2,Alto,Frequente,0,0,13,7,2,0,0,6,1477.25
627,PF,Residencial,11,6,8.166666666666666,21.666666666666668,Alto,Frequente,0,3,6,2,0,0,0,0,277.95799999999997
628,PJ,Residencial,17,8,9.175,23.0,Alto,Frequente,2,0,7,3,0,0,3,2,4478.1140000000005
629,PF,Residencial,7,4,8.525,24.5,Alto,Frequente,1,0,4,0,0,0,0,2,987.45
630,PF,Residencial,9,4,8.15,22.0,Alto,Frequente,0,1,3,5,0,0,0,0,1100.798
631,PJ,Comercial,46,7,9.257142857142856,24.142857142857142,Alto,Frequente,0,17,19,0,2,0,0,8,6449.905
632,PJ,Residencial,20,8,9.5,20.25,Alto,Frequente,3,4,7,0,0,0,3,3,5187.04
633,PF,Comercial,43,4,7.025,24.25,Medio,Frequente,0,20,10,0,0,0,0,13,2639.8450000000003
634,PF,Comercial,52,6,8.516666666666666,23.0,Alto,Frequente,0,13,9,10,11,0,0,9,6207.379999999999
635,PF,Industrial,42,5,10.08,22.2,Alto,Frequente,0,4,0,0,12,2,0,24,17526.25
636,PF,Residencial,7,5,5.96,20.4,Medio,Frequente,1,0,3,0,0,0,1,2,1141.664
637,PF,Residencial,13,5,6.68,19.0,Medio,Frequente,0,0,7,3,0,0,3,0,928.602
638,PF,Residencial,12,6,5.416666666666667,22.666666666666668,Medio,Frequente,3,2,6,0,0,0,0,1,859.634
639,PF,Industrial,28,4,5.3,24.75,Medio,Frequente,0,3,0,0,5,10,0,10,18095.0
640,PF,Industrial,33,4,6.625,20.0,Medio,Frequente,0,9,0,0,7,14,0,3,11162.699999999999
641,PF,Residencial,13,6,7.916666666666667,23.666666666666668,Medio,Frequente,2,2,4,0,0,0,2,3,2763.468
642,PF,Comercial,62,8,8.3,21.375,Alto,Frequente,0,18,14,3,4,0,0,23,6075.984
643,PF,Residencial,3,3,8.533333333333333,18.666666666666668,Alto,Frequente,1,0,0,0,0,0,1,1,857.723
644,PF,Comercial,31,4,9.05,21.75,Alto,Frequente,0,12,5,0,14,0,0,0,3380.67
645,PF,Residencial,16,8,5.6,23.5,Medio,Frequente,1,0,10,2,0,0,3,0,1644.4470000000001
646,PJ,Comercial,36,4,8.625,23.25,Alto,Frequente,0,10,3,0,9,0,0,14,7369.420000000001
647,PF,Residencial,12,5,6.32,25.6,Medio,Constante,3,0,5,0,0,0,2,2,3280.956
648,PF,Comercial,67,8,8.2625,20.625,Alto,Frequente,0,18,16,3,12,0,0,18,4924.7919999999995
649,PJ,Comercial,31,5,8.0,25.2,Medio,Constante,0,5,7,10,4,0,0,5,1323.54
650,PF,Comercial,57,6,4.95,22.833333333333332,Medio,Frequente,0,10,23,11,13,0,0,0,1814.568
651,PF,Residencial,6,3,13.033333333333333,26.0,Alto,Constante,3,0,2,1,0,0,0,0,6115.2300000000005
652,PF,Residencial,8,3,4.3999999999999995,21.333333333333332,Medio,Frequente,0,3,3,0,0,0,0,2,81.456
653,PF,Residencial,5,3,5.333333333333333,20.0,Medio,Frequente,3,0,1,1,0,0,0,0,1733.1650000000004
654,PJ,Residencial,18,8,7.125,19.75,Medio,Frequente,4,0,10,1,0,0,0,3,5225.5199999999995
655,PF,Residencial,8,5,9.620000000000001,21.8,Alto,Frequente,0,0,5,1,0,0,1,1,1968.1989999999998
656,PF,Industrial,53,5,5.6,21.8,Medio,Frequente,0,11,0,0,9,6,0,27,12426.419999999998
657,PF,Residencial,6,3,5.2,23.333333333333332,Medio,Frequente,0,1,5,0,0,0,0,0,703.3839999999998
658,PF,Residencial,6,3,7.066666666666666,20.666666666666668,Medio,Frequente,0,0,0,4,0,0,2,0,78.394
659,PF,Residencial,12,6,6.3,22.666666666666668,Medio,Frequente,5,5,0,1,0,0,1,0,2768.2599999999998
660,PF,Residencial,9,5,10.7,21.6,Alto,Frequente,0,1,6,0,0,0,0,2,1462.548
661,PF,Comercial,59,8,4.9125,21.625,Medio,Frequente,0,21,10,10,5,0,0,13,5006.023999999999
662,PJ,Residencial,9,7,8.214285714285714,22.285714285714285,Alto,Frequente,3,0,4,0,0,0,0,2,3803.1830000000004
663,PF,Industrial,18,3,8.233333333333334,23.0,Alto,Frequente,0,0,0,0,4,0,0,14,5520.3
664,PF,Residencial,11,6,7.3999999999999995,23.166666666666668,Medio,Frequente,3,3,1,3,0,0,1,0,2894.49
665,PF,Industrial,33,4,6.975,22.0,Medio,Frequente,0,13,0,0,0,13,0,7,14847.96
666,PF,Comercial,38,5,6.88,19.6,Medio,Frequente,0,20,13,0,5,0,0,0,3831.594
667,PF,Residencial,12,5,6.18,19.6,Medio,Frequente,0,2,7,0,0,0,0,3,997.6199999999999
668,PF,Industrial,24,5,7.68,22.4,Medio,Frequente,0,4,0,0,11,3,0,6,6001.320000000001
669,PF,Residencial,10,5,8.459999999999999,22.8,Alto,Frequente,2,0,5,3,0,0,0,0,3899.01
670,PF,Comercial,53,6,8.033333333333333,19.833333333333332,Alto,Frequente,0,6,20,14,5,0,0,8,7974.659999999999
671,PF,Residencial,3,3,8.033333333333333,22.666666666666668,Alto,Frequente,0,0,2,1,0,0,0,0,688.4999999999999
672,PJ,Comercial,45,5,9.16,22.2,Alto,Frequente,0,12,10,2,9,0,0,12,7055.660000000001
673,PF,Comercial,66,8,7.875,22.125,Medio,Frequente,0,21,10,4,10,0,0,21,8103.557
674,PF,Comercial,36,5,3.88,21.4,Baixo,Frequente,0,9,0,12,0,0,0,15,1242.32
675,PF,Comercial,51,7,6.6571428571428575,22.571428571428573,Medio,Frequente,0,8,10,12,0,0,0,21,3991.3600000000006
676,PJ,Residencial,12,4,8.05,26.75,Alto,Constante,3,0,6,0,0,0,3,0,5031.144
677,PF,Residencial,8,4,6.45,26.5,Medio,Constante,1,0,1,3,0,0,3,0,1746.7599999999998
678,PF,Residencial,8,4,5.775,22.0,Medio,Frequente,0,0,5,0,0,0,3,0,250.94400000000002
679,PJ,Residencial,12,7,20.97142857142857,21.857142857142858,Alto,Frequente,2,1,3,1,0,0,2,3,3557.916
680,PJ,Comercial,74,7,7.442857142857143,21.428571428571427,Medio,Frequente,0,25,21,0,5,0,0,23,8534.382
681,PJ,Residencial,9,5,9.48,24.6,Alto,Frequente,0,1,8,0,0,0,0,0,3219.156000000001
682,PF,Industrial,43,4,3.325,20.5,Baixo,Frequente,0,13,0,0,11,5,0,14,3556.7500000000005
683,PF,Comercial,46,6,7.016666666666667,19.5,Medio,Frequente,0,12,12,14,6,0,0,2,3491.876
684,PF,Comercial,37,7,6.142857142857143,21.428571428571427,Medio,Frequente,0,10,9,2,0,0,0,16,3035.965
685,PJ,Residencial,12,7,4.8428571428571425,24.428571428571427,Medio,Frequente,4,1,2,5,0,0,0,0,3616.428
686,PF,Comercial,40,5,6.92,22.4,Medio,Frequente,0,0,13,13,0,0,0,14,2219.23
687,PF,Industrial,36,3,6.8,21.333333333333332,Medio,Frequente,0,9,0,0,13,14,0,0,32197.440000000002
688,PF,Residencial,9,4,10.075,21.0,Alto,Frequente,5,4,0,0,0,0,0,0,5652.192
689,PJ,Comercial,20,4,9.524999999999999,23.25,Alto,Frequente,0,10,7,0,0,0,0,3,2972.829999999999
690,PF,Comercial,33,5,5.3,24.2,Medio,Frequente,0,4,12,3,8,0,0,6,1962.85
691,PF,Residencial,16,8,10.174999999999999,20.75,Alto,Frequente,3,1,6,3,0,0,0,3,3166.25
692,PF,Residencial,9,4,10.325,19.5,Alto,Frequente,5,0,1,0,0,0,3,0,4476.675
693,PF,Residencial,5,3,6.733333333333333,21.666666666666668,Medio,Frequente,2,0,0,1,0,0,0,2,1105.33
694,PF,Residencial,18,8,10.15,23.625,Alto,Frequente,2,5,8,0,0,0,0,3,3790.4610000000002
695,PF,Residencial,9,5,6.2,22.0,Medio,Frequente,0,2,3,1,0,0,0,3,293.738
696,PF,Residencial,6,3,7.166666666666667,24.666666666666668,Medio,Frequente,3,0,1,0,0,0,2,0,3922.6039999999994
697,PF,Residencial,11,5,9.120000000000001,22.0,Alto,Frequente,0,2,4,5,0,0,0,0,596.776
698,PF,Residencial,8,4,5.45,24.5,Medio,Frequente,0,4,0,1,0,0,3,0,172.72099999999998
699,PF,Industrial,22,3,9.133333333333333,20.666666666666668,Alto,Frequente,0,0,0,0,5,10,0,7,9943.0
700,PF,Residencial,12,6,7.75,21.5,Medio,Frequente,0,2,6,2,0,0,2,0,1236.332
701,PF,Industrial,30,4,11.075,23.25,Alto,Frequente,0,7,0,0,9,0,0,14,10395.6
702,PF,Residencial,12,6,5.949999999999999,22.0,Medio,Frequente,1,0,6,3,0,0,2,0,1859.58
703,PF,Residencial,16,8,6.199999999999999,22.0,Medio,Frequente,2,4,7,1,0,0,0,2,628.347
704,PF,Residencial,12,6,9.883333333333333,22.0,Alto,Frequente,3,2,4,1,0,0,0,2,4390.095
705,PF,Residencial,17,7,5.114285714285714,22.428571428571427,Medio,Frequente,0,3,7,5,0,0,0,2,1170.21
706,PJ,Residencial,6,3,12.6,23.333333333333332,Alto,Frequente,0,1,5,0,0,0,0,0,960.048
707,PF,Comercial,47,7,7.285714285714286,24.428571428571427,Medio,Frequente,0,16,13,9,3,0,0,6,4398.031
708,PJ,Residencial,13,7,5.585714285714286,18.857142857142858,Medio,Frequente,0,4,5,4,0,0,0,0,679.722
709,PF,Comercial,66,8,6.9125000000000005,22.5,Medio,Frequente,0,23,11,3,12,0,0,17,6607.724
710,PF,Comercial,42,5,7.68,24.8,Medio,Frequente,0,18,19,0,5,0,0,0,4206.495
711,PJ,Residencial,8,5,8.42,21.8,Alto,Frequente,2,2,2,2,0,0,0,0,3887.4900000000002
712,PF,Residencial,6,3,8.633333333333333,20.666666666666668,Alto,Frequente,0,0,5,0,0,0,1,0,651.096
713,PF,Comercial,62,7,7.0,22.0,Medio,Frequente,0,20,11,5,4,0,0,22,5616.61
714,PF,Residencial,12,5,25.34,21.6,Alto,Frequente,3,1,8,0,0,0,0,0,3039.624
715,PF,Residencial,13,7,8.114285714285714,23.142857142857142,Alto,Frequente,0,5,7,1,0,0,0,0,877.752
716,PJ,Industrial,13,3,8.200000000000001,23.333333333333332,Alto,Frequente,0,7,0,0,4,0,0,2,3449.6
717,PJ,Residencial,17,7,8.4,20.428571428571427,Alto,Frequente,0,3,9,2,0,0,3,0,1768.5720000000001
718,PF,Comercial,43,4,9.3,19.75,Alto,Frequente,0,23,0,0,8,0,0,12,5383.0
719,PF,Industrial,28,4,10.825,22.25,Alto,Frequente,0,3,0,0,12,11,0,2,16844.4
720,PJ,Residencial,14,8,8.4625,22.125,Alto,Frequente,0,2,6,1,0,0,3,2,1411.3200000000002
721,PJ,Residencial,10,6,7.583333333333333,23.5,Medio,Frequente,4,0,4,2,0,0,0,0,3650.5699999999997
722,PF,Residencial,9,4,9.425,18.5,Alto,Frequente,0,3,1,2,0,0,3,0,1083.1680000000001
723,PF,Residencial,10,6,8.6,23.0,Alto,Frequente,3,1,3,2,0,0,0,1,7439.424999999999
724,PJ,Residencial,12,5,6.68,24.0,Medio,Frequente,0,0,12,0,0,0,0,0,817.02
725,PF,Comercial,41,4,8.625,27.0,Alto,Constante,0,0,2,14,0,0,0,25,7140.1799999999985
726,PJ,Residencial,8,5,8.1,23.2,Alto,Frequente,2,0,4,2,0,0,0,0,2667.8100000000004
727,PF,Residencial,8,6,9.733333333333333,25.0,Alto,Frequente,2,1,4,1,0,0,0,0,3961.71
728,PJ,Industrial,39,5,5.92,23.8,Medio,Frequente,0,3,0,0,7,12,0,17,9206.0
729,PF,Comercial,72,8,7.4,24.25,Medio,Frequente,0,19,28,6,8,0,0,11,5795.7699999999995
730,PF,Comercial,61,8,8.6625,22.5,Alto,Frequente,0,12,15,4,12,0,0,18,8323.8
731,PF,Residencial,8,6,9.783333333333333,22.0,Alto,Frequente,0,0,6,1,0,0,0,1,1207.675
732,PJ,Comercial,27,4,4.4,22.5,Medio,Frequente,0,0,13,9,3,0,0,2,1174.6
733,PF,Residencial,9,6,10.033333333333333,24.333333333333332,Alto,Frequente,0,2,5,0,0,0,0,2,911.698
734,PF,Residencial,6,3,5.466666666666666,24.333333333333332,Medio,Frequente,0,0,3,3,0,0,0,0,628.3349999999999
735,PF,Residencial,5,3,7.5,24.666666666666668,Medio,Frequente,0,3,2,0,0,0,0,0,90.642
736,PJ,Comercial,75,8,7.225,23.5,Medio,Frequente,0,19,25,3,6,0,0,22,10285.039999999999
737,PF,Residencial,7,3,9.133333333333333,22.0,Alto,Frequente,2,0,5,0,0,0,0,0,3527.54
738,PJ,Residencial,7,4,5.300000000000001,22.25,Medio,Frequente,0,0,3,4,0,0,0,0,1179.46
739,PF,Residencial,17,7,7.857142857142857,21.285714285714285,Medio,Frequente,1,3,4,6,0,0,0,3,2900.25
740,PF,Residencial,12,6,5.783333333333334,26.166666666666668,Medio,Constante,0,2,8,2,0,0,0,0,745.45
741,PF,Comercial,37,5,6.36,22.2,Medio,Frequente,0,14,8,0,2,0,0,13,2800.2
742,PF,Comercial,37,7,8.4,24.0,Alto,Frequente,0,5,10,5,2,0,0,15,3970.75
743,PJ,Comercial,59,7,8.585714285714285,23.857142857142858,Alto,Frequente,0,16,26,9,6,0,0,2,4704.58
744,PF,Residencial,12,7,9.0,26.0,Alto,Constante,2,0,5,3,0,0,0,2,3583.84
745,PF,Residencial,13,8,9.925,21.625,Alto,Frequente,2,4,5,1,0,0,1,0,3677.3250000000003
746,PJ,Residencial,9,4,6.775,20.5,Medio,Frequente,1,0,5,0,0,0,0,3,1389.4159999999997
747,PF,Residencial,12,5,6.58,21.0,Medio,Frequente,3,0,4,2,0,0,3,0,1815.346
748,PF,Residencial,19,8,7.975,23.125,Medio,Frequente,6,2,6,2,0,0,1,2,7228.19
749,PJ,Comercial,29,4,7.275,23.0,Medio,Frequente,0,12,10,0,0,0,0,7,4478.4
750,PF,Residencial,18,8,4.475,23.5,Medio,Frequente,0,4,9,2,0,0,3,0,909.904
751,PF,Residencial,11,4,4.300000000000001,26.75,Medio,Constante,2,3,3,3,0,0,0,0,2166.46
752,PJ,Residencial,10,6,7.8500000000000005,25.0,Medio,Frequente,0,1,6,0,0,0,2,1,2347.99
753,PF,Residencial,7,3,6.066666666666666,22.0,Medio,Frequente,0,3,2,0,0,0,2,0,311.52
754,PF,Residencial,19,7,8.1,22.857142857142858,Alto,Frequente,0,0,8,6,0,0,3,2,1998.978
755,PF,Industrial,36,4,7.925,21.0,Medio,Frequente,0,0,0,0,9,10,0,17,14436.2
756,PJ,Comercial,45,5,8.280000000000001,25.2,Alto,Constante,0,17,2,13,13,0,0,0,7273.228
757,PF,Industrial,31,5,8.059999999999999,24.4,Alto,Frequente,0,6,0,0,7,13,0,5,24193.44
758,PF,Residencial,16,8,6.387499999999999,25.125,Medio,Constante,0,4,6,3,0,0,3,0,808.383
759,PJ,Residencial,12,6,8.133333333333333,22.5,Alto,Frequente,2,3,0,5,0,0,1,1,2062.131
760,PJ,Residencial,14,7,7.057142857142857,20.714285714285715,Medio,Frequente,3,4,7,0,0,0,0,0,3733.140000000001
761,PF,Residencial,16,8,8.725,21.25,Alto,Frequente,5,2,4,0,0,0,3,2,5009.97
762,PF,Comercial,50,8,7.074999999999999,22.75,Medio,Frequente,0,13,9,3,4,0,0,21,8280.54
763,PF,Residencial,4,3,8.766666666666667,27.666666666666668,Alto,Constante,1,0,3,0,0,0,0,0,1786.8500000000001
764,PJ,Residencial,14,7,7.414285714285714,25.142857142857142,Medio,Constante,1,3,10,0,0,0,0,0,2358.15
765,PF,Residencial,16,8,7.3375,22.125,Medio,Frequente,4,2,6,2,0,0,0,2,3216.696
766,PF,Residencial,12,6,8.466666666666667,24.833333333333332,Alto,Frequente,2,0,8,0,0,0,2,0,1790.8039999999999
767,PJ,Comercial,38,5,7.42,24.4,Medio,Frequente,0,14,2,10,0,0,0,12,3601.6200000000003
768,PJ,Residencial,9,5,6.88,23.4,Medio,Frequente,0,2,4,3,0,0,0,0,356.34000000000003
769,PF,Residencial,8,5,6.319999999999999,22.4,Medio,Frequente,3,0,3,0,0,0,0,2,1948.3000000000002
770,PJ,Residencial,14,7,6.714285714285714,21.285714285714285,Medio,Frequente,2,3,5,1,0,0,0,3,2390.504
771,PF,Residencial,7,3,5.7,20.666666666666668,Medio,Frequente,2,0,5,0,0,0,0,0,2054.664
772,PJ,Comercial,51,5,8.86,22.8,Alto,Frequente,0,13,25,0,0,0,0,13,6050.46
773,PF,Comercial,60,5,4.58,23.8,Medio,Frequente,0,13,14,13,8,0,0,12,4650.5599999999995
774,PF,Industrial,21,3,7.8999999999999995,21.666666666666668,Medio,Frequente,0,0,0,0,7,3,0,11,8800.0
775,PJ,Comercial,41,4,6.75,22.0,Medio,Frequente,0,23,0,0,0,0,0,18,5123.1
776,PF,Residencial,8,5,7.56,22.2,Medio,Frequente,0,2,2,2,0,0,0,2,869.498
777,PF,Comercial,51,7,8.628571428571428,23.285714285714285,Alto,Frequente,0,9,9,10,5,0,0,18,5302.3099999999995
778,PJ,Residencial,6,3,7.566666666666667,21.333333333333332,Medio,Frequente,0,1,0,2,0,0,0,3,344.40000000000003
779,PJ,Residencial,15,8,7.425,22.5,Medio,Frequente,2,1,9,3,0,0,0,0,3428.3949999999995
780,PF,Comercial,40,6,7.716666666666666,22.333333333333332,Medio,Frequente,0,12,14,5,0,0,0,9,5986.464
781,PF,Residencial,12,5,8.08,21.2,Alto,Frequente,2,3,7,0,0,0,0,0,2127.18
782,PF,Industrial,23,3,6.3,25.666666666666668,Medio,Constante,0,14,0,0,2,0,0,7,7487.28
783,PF,Residencial,11,5,8.1,24.0,Alto,Frequente,1,2,8,0,0,0,0,0,2222.568
784,PF,Comercial,44,6,7.75,24.5,Medio,Frequente,0,16,5,14,9,0,0,0,6863.812000000001
785,PF,Comercial,36,5,7.840000000000001,24.2,Medio,Frequente,0,11,9,0,3,0,0,13,8378.820000000002
786,PJ,Comercial,66,7,7.1571428571428575,22.142857142857142,Medio,Frequente,0,24,15,0,6,0,0,21,10532.55
787,PF,Comercial,28,4,7.25,21.0,Medio,Frequente,0,0,9,5,0,0,0,14,3793.38
788,PF,Comercial,46,8,6.925,22.75,Medio,Frequente,0,7,8,10,2,0,0,19,1783.08
789,PF,Residencial,7,3,7.933333333333333,22.0,Medio,Frequente,0,0,3,3,0,0,0,1,1628.52
790,PJ,Residencial,11,7,9.071428571428571,20.428571428571427,Alto,Frequente,0,3,3,4,0,0,0,1,1369.672
791,PF,Residencial,15,6,4.983333333333333,21.0,Medio,Frequente,1,3,8,0,0,0,3,0,2304.438
792,PF,Comercial,60,7,9.157142857142857,20.428571428571427,Alto,Frequente,0,12,12,6,6,0,0,24,8584.916
793,PF,Residencial,19,8,8.0625,23.375,Alto,Frequente,0,0,9,5,0,0,2,3,1217.545
794,PF,Comercial,56,7,6.5857142857142845,22.0,Medio,Frequente,0,16,20,5,0,0,0,15,5467.5199999999995
795,PF,Residencial,10,5,9.7,21.0,Alto,Frequente,1,3,3,3,0,0,0,0,1693.0540000000003
796,PJ,Residencial,11,7,6.3,21.571428571428573,Medio,Frequente,3,2,5,1,0,0,0,0,2695.245
797,PJ,Comercial,59,7,6.8999999999999995,22.285714285714285,Medio,Frequente,0,20,19,9,8,0,0,3,2942.544
798,PF,Residencial,11,6,6.383333333333333,22.5,Medio,Frequente,3,2,3,0,0,0,0,3,2487.0
799,PF,Residencial,9,7,9.157142857142857,22.142857142857142,Alto,Frequente,2,0,6,1,0,0,0,0,2323.134
800,PJ,Residencial,14,7,6.114285714285714,23.857142857142858,Medio,Frequente,3,1,9,0,0,0,1,0,3834.722
801,PJ,Industrial,33,4,9.625,21.75,Alto,Frequente,0,7,0,0,2,0,0,24,8316.24
802,PF,Comercial,44,5,4.779999999999999,24.4,Medio,Frequente,0,10,9,2,13,0,0,10,2684.965
803,PF,Residencial,9,4,6.824999999999999,20.0,Medio,Frequente,1,3,5,0,0,0,0,0,2016.3600000000001
804,PF,Residencial,7,4,9.95,22.25,Alto,Frequente,2,0,4,1,0,0,0,0,3700.4399999999996
805,PF,Residencial,14,8,5.5875,21.875,Medio,Frequente,0,2,8,4,0,0,0,0,421.184
806,PJ,Comercial,33,4,9.024999999999999,21.5,Alto,Frequente,0,16,9,0,0,0,0,8,4061.208
807,PJ,Comercial,72,8,6.8375,22.875,Medio,Frequente,0,13,20,13,8,0,0,18,6696.887000000001
808,PJ,Residencial,6,3,7.666666666666667,23.333333333333332,Medio,Frequente,0,0,2,3,0,0,0,1,219.45
809,PF,Residencial,12,7,5.671428571428572,21.428571428571427,Medio,Frequente,2,0,10,0,0,0,0,0,3577.3020000000006
810,PF,Residencial,6,3,5.5,20.666666666666668,Medio,Frequente,0,1,5,0,0,0,0,0,897.3299999999999
811,PF,Comercial,52,7,7.271428571428571,23.0,Medio,Frequente,0,13,13,11,8,0,0,7,3192.66
812,PJ,Comercial,50,7,10.085714285714285,25.714285714285715,Alto,Constante,0,2,18,5,13,0,0,12,8839.144
813,PF,Residencial,18,8,6.55,21.5,Medio,Frequente,6,1,8,0,0,0,3,0,3656.576
814,PJ,Residencial,13,8,6.8375,23.25,Medio,Frequente,5,1,3,2,0,0,0,2,7031.5
815,PJ,Residencial,14,8,8.1375,24.875,Alto,Frequente,1,4,3,5,0,0,0,1,1596.831
816,PF,Industrial,50,5,8.4,23.8,Alto,Frequente,0,14,0,0,5,14,0,17,25567.729999999996
817,PF,Residencial,17,7,7.7,24.714285714285715,Medio,Frequente,2,2,10,0,0,0,3,0,3276.9480000000003
818,PF,Comercial,29,4,4.725,22.0,Medio,Frequente,0,9,0,8,0,0,0,12,1434.56
819,PF,Comercial,55,6,6.916666666666667,24.833333333333332,Medio,Frequente,0,26,8,5,0,0,0,16,3597.46
820,PF,Residencial,17,8,5.6375,22.75,Medio,Frequente,3,3,10,0,0,0,1,0,3066.2999999999997
821,PJ,Residencial,12,5,6.779999999999999,26.4,Medio,Constante,1,3,5,0,0,0,3,0,831.7860000000001
822,PF,Residencial,14,6,10.4,26.5,Alto,Constante,0,2,6,2,0,0,2,2,1996.3059999999996
823,PF,Comercial,36,5,9.0,22.8,Alto,Frequente,0,7,4,14,2,0,0,9,4163.244
824,PF,Comercial,59,8,9.75,24.0,Alto,Frequente,0,20,23,4,2,0,0,10,9952.03
825,PF,Comercial,21,4,4.5,22.0,Medio,Frequente,0,9,7,0,5,0,0,0,596.086
826,PJ,Residencial,15,8,6.1625,22.5,Medio,Frequente,3,5,6,1,0,0,0,0,4103.508
827,PF,Residencial,12,7,10.057142857142859,23.142857142857142,Alto,Frequente,2,2,5,2,0,0,0,1,3795.165
828,PF,Industrial,16,4,6.525,22.5,Medio,Frequente,0,2,0,0,0,5,0,9,3316.2500000000005
829,PJ,Comercial,54,8,10.2625,22.125,Alto,Frequente,0,11,17,7,7,0,0,12,7702.425
830,PF,Residencial,7,4,6.7,20.5,Medio,Frequente,3,0,1,2,0,0,1,0,602.232
831,PF,Industrial,35,4,8.5,19.75,Alto,Frequente,0,11,0,0,12,8,0,4,18695.6
832,PF,Comercial,61,7,9.085714285714285,25.857142857142858,Alto,Constante,0,18,7,0,11,0,0,25,7804.26
833,PF,Residencial,13,6,10.549999999999999,23.5,Alto,Frequente,6,0,6,0,0,0,1,0,5542.716
834,PF,Comercial,42,7,6.357142857142857,23.428571428571427,Medio,Frequente,0,11,5,5,3,0,0,18,4110.030000000001
835,PF,Comercial,55,7,5.385714285714286,19.285714285714285,Medio,Frequente,0,11,11,10,8,0,0,15,3221.26
836,PF,Comercial,39,4,7.949999999999999,22.25,Medio,Frequente,0,22,0,3,14,0,0,0,6045.805999999999
837,PJ,Residencial,9,5,5.08,24.0,Medio,Frequente,1,2,3,3,0,0,0,0,1099.8000000000002
838,PF,Residencial,9,3,7.2,18.333333333333332,Medio,Frequente,3,0,6,0,0,0,0,0,2355.8940000000002
839,PF,Industrial,26,4,5.125,24.0,Medio,Frequente,0,0,0,0,4,9,0,13,9708.0
840,PF,Residencial,13,6,7.133333333333333,20.5,Medio,Frequente,2,0,6,3,0,0,1,1,2422.976
841,PF,Residencial,6,3,9.133333333333333,22.666666666666668,Alto,Frequente,0,0,5,1,0,0,0,0,290.34
842,PF,Residencial,4,3,4.166666666666667,21.333333333333332,Medio,Frequente,0,0,3,1,0,0,0,0,624.835
843,PF,Residencial,12,6,8.633333333333333,24.0,Alto,Frequente,1,4,6,1,0,0,0,0,1948.66
844,PJ,Comercial,41,5,5.76,21.2,Medio,Frequente,0,5,28,6,0,0,0,2,823.26
845,PF,Industrial,15,3,6.633333333333333,24.333333333333332,Medio,Frequente,0,0,0,0,3,6,0,6,6580.499999999999
846,PF,Residencial,13,6,5.583333333333333,22.833333333333332,Medio,Frequente,0,4,7,2,0,0,0,0,1385.2879999999998
847,PF,Residencial,10,6,3.516666666666667,26.0,Baixo,Constante,2,1,6,1,0,0,0,0,996.82
848,PJ,Residencial,15,8,8.425,24.375,Alto,Frequente,2,3,7,1,0,0,0,2,4310.648
849,PF,Comercial,64,8,8.95,23.0,Alto,Frequente,0,14,13,12,10,0,0,15,5984.532
850,PF,Comercial,54,6,7.133333333333333,20.333333333333332,Medio,Frequente,0,2,12,9,12,0,0,19,7181.21
851,PF,Residencial,18,8,8.6125,19.5,Alto,Frequente,2,3,7,3,0,0,1,2,3142.476
852,PJ,Comercial,49,6,9.133333333333333,20.833333333333332,Alto,Frequente,0,8,15,13,7,0,0,6,4011.6699999999996
853,PF,Comercial,27,4,8.625,18.75,Alto,Frequente,0,5,0,0,13,0,0,9,3292.9300000000003
854,PJ,Comercial,34,4,7.35,23.25,Medio,Frequente,0,8,12,5,0,0,0,9,2754.62
855,PF,Industrial,31,4,6.5,25.25,Medio,Constante,0,0,0,0,13,10,0,8,26696.5
856,PF,Residencial,17,8,6.5375,22.125,Medio,Frequente,1,3,8,2,0,0,3,0,2105.0
857,PF,Comercial,61,7,9.1,26.142857142857142,Alto,Constante,0,19,13,14,3,0,0,12,11086.042000000001
858,PF,Residencial,13,7,9.200000000000001,22.0,Alto,Frequente,3,2,7,0,0,0,1,0,6022.62
859,PF,Comercial,50,8,6.675,25.125,Medio,Constante,0,12,11,6,8,0,0,13,4938.66
860,PF,Comercial,70,8,17.1,24.0,Alto,Frequente,0,22,9,14,10,0,0,15,9744.732
861,PJ,Comercial,25,4,7.825,26.25,Medio,Constante,0,6,16,0,3,0,0,0,2252.34
862,PF,Comercial,61,7,8.328571428571427,22.285714285714285,Alto,Frequente,0,16,14,8,2,0,0,21,6641.321999999999
863,PF,Residencial,14,7,8.742857142857144,20.428571428571427,Alto,Frequente,5,0,8,0,0,0,1,0,3718.428
864,PF,Residencial,5,3,37.56666666666667,24.0,Alto,Frequente,1,0,3,1,0,0,0,0,12646.08
865,PF,Industrial,47,5,7.58,19.8,Medio,Frequente,0,12,0,0,9,8,0,18,15247.900000000001
866,PF,Industrial,44,4,5.5,21.25,Medio,Frequente,0,11,0,0,14,8,0,11,9402.56
867,PF,Residencial,12,6,5.216666666666667,21.833333333333332,Medio,Frequente,0,1,5,3,0,0,3,0,696.534
868,PF,Residencial,15,6,10.483333333333333,23.5,Alto,Frequente,3,0,11,0,0,0,1,0,7340.597999999999
869,PJ,Residencial,7,4,7.125,21.75,Medio,Frequente,3,0,1,0,0,0,0,3,1845.0
870,PJ,Comercial,27,4,5.25,21.75,Medio,Frequente,0,0,12,0,11,0,0,4,3695.08
871,PF,Comercial,46,5,11.0,26.2,Alto,Constante,0,22,12,0,8,0,0,4,7460.179999999999
872,PF,Residencial,8,4,8.45,20.5,Alto,Frequente,2,2,2,2,0,0,0,0,2252.898
873,PF,Residencial,9,4,6.45,25.5,Medio,Constante,0,0,3,3,0,0,2,1,493.7460000000001
874,PF,Comercial,55,6,5.983333333333333,24.0,Medio,Frequente,0,16,6,12,12,0,0,9,4732.794
875,PF,Comercial,88,8,7.6375,23.75,Medio,Frequente,0,23,25,8,12,0,0,20,9016.181
876,PF,Residencial,13,6,9.200000000000001,22.666666666666668,Alto,Frequente,0,0,8,2,0,0,3,0,1463.9479999999999
877,PJ,Residencial,13,8,5.8625,23.5,Medio,Frequente,2,2,7,2,0,0,0,0,1445.124
878,PF,Residencial,9,4,8.175,23.0,Alto,Frequente,3,0,2,3,0,0,0,1,1793.865
879,PF,Residencial,7,4,7.025,25.0,Medio,Frequente,1,1,5,0,0,0,0,0,1981.23
880,PF,Residencial,10,7,8.057142857142857,22.857142857142858,Alto,Frequente,3,1,5,0,0,0,1,0,4142.780000000001
881,PF,Comercial,39,7,5.0,23.714285714285715,Medio,Frequente,0,8,13,3,11,0,0,4,2220.7960000000003
882,PF,Comercial,25,5,6.220000000000001,24.6,Medio,Frequente,0,8,14,0,3,0,0,0,1406.0520000000001
883,PF,Comercial,39,6,10.1,21.0,Alto,Frequente,0,13,8,4,0,0,0,14,2028.3
884,PF,Comercial,63,7,8.228571428571428,17.857142857142858,Alto,Frequente,0,16,9,9,9,0,0,20,6908.5
885,PJ,Residencial,17,8,5.4,20.125,Medio,Frequente,1,4,2,4,0,0,3,3,896.881
886,PF,Residencial,12,5,7.4799999999999995,23.6,Medio,Frequente,1,3,3,3,0,0,0,2,2402.0679999999998
887,PF,Residencial,13,8,6.5375,21.25,Medio,Frequente,2,3,3,2,0,0,1,2,865.9499999999999
888,PF,Residencial,12,6,6.083333333333333,20.5,Medio,Frequente,1,6,3,2,0,0,0,0,1577.76
889,PF,Comercial,54,5,6.7,20.2,Medio,Frequente,0,0,27,0,12,0,0,15,5408.575
890,PF,Industrial,40,5,5.3,24.0,Medio,Frequente,0,5,0,0,13,4,0,18,10783.5
891,PF,Residencial,12,6,6.633333333333333,22.166666666666668,Medio,Frequente,0,0,8,0,0,0,2,2,1152.638
892,PJ,Residencial,12,6,8.683333333333334,19.0,Alto,Frequente,3,0,5,3,0,0,1,0,2475.9920000000006
893,PJ,Comercial,28,5,9.58,23.2,Alto,Frequente,0,10,6,0,8,0,0,4,6925.32
894,PF,Residencial,14,8,5.475,20.625,Medio,Frequente,3,1,7,1,0,0,0,2,2207.824
895,PF,Residencial,7,4,8.575,22.25,Alto,Frequente,0,0,6,0,0,0,0,1,935.565
896,PF,Comercial,45,5,6.58,25.0,Medio,Frequente,0,12,7,9,4,0,0,13,3001.14
897,PF,Comercial,55,6,7.716666666666666,26.0,Medio,Constante,0,23,8,8,3,0,0,13,7700.28
898,PJ,Residencial,11,5,9.58,22.6,Alto,Frequente,3,0,6,2,0,0,0,0,4849.92
899,PF,Residencial,13,8,19.2375,23.125,Alto,Frequente,5,1,6,1,0,0,0,0,37064.862
900,PF,Comercial,78,8,6.8125,24.0,Medio,Frequente,0,23,24,11,4,0,0,16,5896.63
901,PF,Residencial,11,5,7.88,23.6,Medio,Frequente,0,4,7,0,0,0,0,0,837.5680000000001
902,PF,Residencial,14,6,6.8999999999999995,21.833333333333332,Medio,Frequente,3,0,7,1,0,0,3,0,4048.3109999999992
903,PF,Comercial,51,6,7.6499999999999995,20.833333333333332,Medio,Frequente,0,13,12,12,0,0,0,14,2440.61
904,PF,Residencial,8,5,9.0,25.0,Alto,Frequente,0,3,3,1,0,0,1,0,311.46000000000004
905,PF,Comercial,40,5,7.92,23.2,Medio,Frequente,0,14,19,0,0,0,0,7,3907.585
906,PJ,Residencial,13,7,8.614285714285714,22.714285714285715,Alto,Frequente,0,3,6,3,0,0,0,1,1966.6049999999998
907,PF,Industrial,24,3,7.7,17.666666666666668,Medio,Frequente,0,6,0,0,8,0,0,10,2870.6200000000003
908,PF,Residencial,16,6,7.733333333333334,22.833333333333332,Medio,Frequente,3,0,7,3,0,0,0,3,4012.71
909,PF,Residencial,8,3,9.166666666666666,25.333333333333332,Alto,Constante,0,2,6,0,0,0,0,0,1264.83
910,PF,Residencial,11,5,7.959999999999999,26.6,Medio,Constante,1,3,3,3,0,0,0,1,3852.9249999999997
911,PF,Residencial,17,7,8.142857142857142,21.571428571428573,Alto,Frequente,2,0,7,3,0,0,3,2,1980.204
912,PF,Comercial,60,7,5.628571428571428,23.285714285714285,Medio,Frequente,0,19,18,11,7,0,0,5,6761.075
913,PF,Industrial,25,3,10.9,25.333333333333332,Alto,Constante,0,0,0,0,5,0,0,20,8723.2
914,PF,Residencial,6,3,6.066666666666666,23.666666666666668,Medio,Frequente,1,2,3,0,0,0,0,0,764.8199999999999
915,PF,Residencial,9,4,5.074999999999999,25.75,Medio,Constante,3,0,2,1,0,0,3,0,759.09
916,PF,Comercial,52,7,6.971428571428571,23.285714285714285,Medio,Frequente,0,11,15,3,4,0,0,19,3419.9519999999998
917,PF,Comercial,26,5,6.9,22.6,Medio,Frequente,0,14,2,0,8,0,0,2,2445.96
918,PJ,Residencial,9,6,9.35,20.833333333333332,Alto,Frequente,1,3,4,1,0,0,0,0,1449.8000000000002
919,PJ,Residencial,17,8,7.625,22.625,Medio,Frequente,3,3,10,0,0,0,1,0,5900.04
920,PF,Residencial,15,6,6.916666666666667,22.333333333333332,Medio,Frequente,2,3,5,5,0,0,0,0,1940.6639999999998
921,PJ,Comercial,44,5,5.4,22.2,Medio,Frequente,0,14,12,4,2,0,0,12,3336.6000000000004
922,PF,Residencial,9,4,8.925,18.25,Alto,Frequente,1,0,3,2,0,0,0,3,820.665
923,PF,Comercial,40,8,7.9625,20.25,Medio,Frequente,0,9,16,4,4,0,0,7,3639.353
924,PJ,Residencial,12,7,8.385714285714286,23.571428571428573,Alto,Frequente,2,1,5,4,0,0,0,0,2116.324
925,PF,Comercial,66,8,6.075,23.75,Medio,Frequente,0,17,9,11,14,0,0,15,7195.450000000001
926,PF,Residencial,9,5,5.82,23.6,Medio,Frequente,3,0,3,3,0,0,0,0,2182.94
927,PF,Residencial,11,6,10.549999999999999,25.833333333333332,Alto,Constante,0,4,7,0,0,0,0,0,2815.2
928,PF,Residencial,19,8,7.475,24.0,Medio,Frequente,5,3,8,3,0,0,0,0,8308.28
929,PF,Comercial,38,5,8.260000000000002,24.6,Alto,Frequente,0,0,9,9,0,0,0,20,6378.915
930,PF,Residencial,19,8,8.0875,20.25,Alto,Frequente,0,2,10,4,0,0,3,0,1565.223
931,PF,Residencial,17,8,7.3375,23.625,Medio,Frequente,3,3,8,2,0,0,1,0,1370.25
932,PF,Residencial,13,8,7.2375,23.375,Medio,Frequente,3,1,4,2,0,0,2,1,3628.802
933,PJ,Residencial,8,4,9.925,22.0,Alto,Frequente,1,0,7,0,0,0,0,0,3152.68
934,PF,Comercial,32,5,8.78,19.6,Alto,Frequente,0,14,7,0,9,0,0,2,4574.685
935,PF,Comercial,56,7,5.557142857142858,21.571428571428573,Medio,Frequente,0,11,12,13,2,0,0,18,5725.544
936,PF,Comercial,60,7,5.328571428571428,23.571428571428573,Medio,Frequente,0,15,4,6,13,0,0,22,10038.752
937,PF,Residencial,5,3,6.833333333333333,20.333333333333332,Medio,Frequente,0,0,3,2,0,0,0,0,78.36
938,PJ,Comercial,43,6,8.983333333333333,23.333333333333332,Alto,Frequente,0,12,8,9,4,0,0,10,7239.3
939,PF,Residencial,12,7,8.342857142857143,21.428571428571427,Alto,Frequente,2,1,6,3,0,0,0,0,3758.6679999999997
940,PF,Residencial,7,4,5.7,23.0,Medio,Frequente,3,0,3,1,0,0,0,0,2310.85
941,PF,Residencial,4,3,10.233333333333333,22.333333333333332,Alto,Frequente,2,0,2,0,0,0,0,0,2927.1
942,PF,Residencial,15,8,7.6,24.625,Medio,Frequente,1,3,8,1,0,0,0,2,1344.924
943,PF,Comercial,63,8,10.05,20.625,Alto,Frequente,0,19,12,2,9,0,0,21,6336.602
944,PJ,Comercial,48,4,7.175,22.25,Medio,Frequente,0,14,12,8,0,0,0,14,4270.864
945,PF,Comercial,43,4,5.949999999999999,24.25,Medio,Frequente,0,14,10,0,10,0,0,9,4470.75
946,PF,Residencial,13,6,8.9,23.833333333333332,Alto,Frequente,0,0,9,2,0,0,2,0,2432.3360000000002
947,PF,Residencial,4,3,6.2,25.0,Medio,Frequente,1,0,3,0,0,0,0,0,509.698
948,PJ,Residencial,15,7,6.314285714285715,23.285714285714285,Medio,Frequente,2,2,11,0,0,0,0,0,2399.364
949,PJ,Residencial,12,5,8.74,22.6,Alto,Frequente,3,3,5,0,0,0,0,1,6844.294999999999
950,PF,Residencial,8,3,6.466666666666666,20.666666666666668,Medio,Frequente,0,0,3,3,0,0,0,2,262.4
951,PF,Residencial,10,4,8.05,24.25,Alto,Frequente,0,0,5,3,0,0,0,2,779.772
952,PF,Residencial,10,5,8.0,19.8,Medio,Frequente,0,1,7,2,0,0,0,0,595.592
953,PF,Residencial,11,5,9.82,22.0,Alto,Frequente,3,0,3,5,0,0,0,0,5067.39
954,PJ,Comercial,44,4,7.075,23.0,Medio,Frequente,0,22,22,0,0,0,0,0,2222.616
955,PF,Industrial,35,5,7.3,20.4,Medio,Frequente,0,2,0,0,14,4,0,15,8937.14
956,PF,Industrial,55,5,7.74,21.4,Medio,Frequente,0,13,0,0,14,7,0,21,27360.979999999996
957,PF,Comercial,25,4,5.35,20.75,Medio,Frequente,0,0,8,0,13,0,0,4,817.0
958,PF,Residencial,22,8,5.3375,23.625,Medio,Frequente,0,5,14,3,0,0,0,0,855.042
959,PF,Comercial,57,7,6.642857142857143,23.714285714285715,Medio,Frequente,0,16,13,3,0,0,0,25,4253.93
960,PJ,Comercial,72,8,8.6625,24.375,Alto,Frequente,0,15,18,8,6,0,0,25,6689.927999999999
961,PF,Residencial,16,8,7.35,22.75,Medio,Frequente,0,4,10,2,0,0,0,0,1906.7559999999999
962,PF,Residencial,12,6,5.616666666666666,21.5,Medio,Frequente,0,3,6,0,0,0,1,2,1120.5359999999998
963,PF,Comercial,60,6,8.75,22.5,Alto,Frequente,0,15,13,13,14,0,0,5,4653.224
964,PF,Residencial,14,8,6.425000000000001,24.625,Medio,Frequente,2,1,5,4,0,0,2,0,5436.389999999999
965,PF,Residencial,8,5,4.9399999999999995,19.6,Medio,Frequente,0,2,4,2,0,0,0,0,707.744
966,PF,Residencial,13,7,8.371428571428572,21.571428571428573,Alto,Frequente,1,1,10,0,0,0,1,0,2424.4839999999995
967,PJ,Residencial,6,4,11.975,25.25,Alto,Constante,0,1,2,0,0,0,2,1,966.5880000000001
968,PF,Residencial,14,7,7.071428571428571,22.857142857142858,Medio,Frequente,0,0,11,3,0,0,0,0,1697.9759999999999
969,PF,Residencial,13,7,19.228571428571428,23.857142857142858,Alto,Frequente,1,1,5,4,0,0,0,2,2225.36
970,PF,Residencial,6,3,6.633333333333333,20.333333333333332,Medio,Frequente,2,0,0,4,0,0,0,0,1991.93
971,PF,Residencial,7,3,3.9333333333333336,21.0,Baixo,Frequente,0,0,3,4,0,0,0,0,592.58
972,PJ,Comercial,85,8,9.4375,21.625,Alto,Frequente,0,25,22,13,9,0,0,16,8185.295999999999
973,PJ,Residencial,9,5,9.22,18.6,Alto,Frequente,0,2,4,2,0,0,0,1,667.2750000000001
974,PF,Residencial,11,5,7.4799999999999995,23.2,Medio,Frequente,3,2,3,0,0,0,0,3,3418.89
975,PF,Residencial,16,8,7.425,23.125,Medio,Frequente,2,3,7,2,0,0,0,2,3003.8559999999998
976,PF,Industrial,20,3,5.233333333333333,27.666666666666668,Medio,Constante,0,2,0,0,13,0,0,5,2517.2799999999997
977,PF,Residencial,13,8,6.8125,24.75,Medio,Frequente,2,0,10,0,0,0,1,0,1652.688
978,PF,Residencial,13,7,10.171428571428573,20.428571428571427,Alto,Frequente,4,3,3,0,0,0,0,3,5131.836
979,PF,Comercial,46,6,7.55,20.833333333333332,Medio,Frequente,0,5,13,0,10,0,0,18,5749.46
980,PF,Comercial,32,6,6.283333333333334,20.333333333333332,Medio,Frequente,0,2,16,6,6,0,0,2,1590.3
981,PF,Residencial,14,8,8.275,22.125,Alto,Frequente,3,4,6,0,0,0,0,1,4382.41
982,PJ,Comercial,51,7,7.128571428571428,24.857142857142858,Medio,Frequente,0,3,17,13,10,0,0,8,3524.435
983,PF,Residencial,11,6,7.0,24.0,Medio,Frequente,0,2,5,1,0,0,0,3,1182.6480000000001
984,PF,Residencial,11,5,9.16,23.4,Alto,Frequente,2,6,1,0,0,0,2,0,3370.76
985,PJ,Residencial,7,5,10.059999999999999,20.0,Alto,Frequente,1,1,3,2,0,0,0,0,1499.7959999999998
986,PF,Residencial,12,6,10.75,22.333333333333332,Alto,Frequente,1,3,6,2,0,0,0,0,2292.2960000000003
987,PF,Comercial,40,6,9.15,18.5,Alto,Frequente,0,2,12,2,6,0,0,18,4128.9839999999995
988,PF,Residencial,17,7,7.0,24.0,Medio,Frequente,2,6,6,3,0,0,0,0,5260.616
989,PF,Residencial,6,3,10.533333333333333,18.0,Alto,Frequente,2,0,2,0,0,0,2,0,1276.6680000000001
990,PJ,Comercial,40,5,11.48,23.0,Alto,Frequente,0,12,7,14,4,0,0,3,5443.135
991,PF,Comercial,57,5,6.0,22.0,Medio,Frequente,0,21,23,13,0,0,0,0,2072.2960000000003
992,PF,Residencial,8,3,9.1,20.666666666666668,Alto,Frequente,0,3,2,3,0,0,0,0,1233.54
993,PF,Comercial,48,7,10.057142857142859,23.571428571428573,Alto,Frequente,0,16,15,11,4,0,0,2,3951.2400000000002
994,PF,Residencial,7,3,11.4,23.666666666666668,Alto,Frequente,3,2,0,2,0,0,0,0,5934.990000000001
995,PF,Comercial,38,5,7.12,23.6,Medio,Frequente,0,13,7,0,5,0,0,13,6715.200000000001
996,PF,Comercial,43,8,7.225,24.75,Medio,Frequente,0,16,13,4,3,0,0,7,4388.94
997,PJ,Industrial,27,5,9.08,24.0,Alto,Frequente,0,2,0,0,13,2,0,10,12661.8
998,PF,Residencial,11,6,9.783333333333333,22.0,Alto,Frequente,0,1,8,2,0,0,0,0,1042.75
999,PJ,Residencial,14,6,7.383333333333333,23.833333333333332,Medio,Frequente,5,0,8,1,0,0,0,0,6545.08
1000,PF,Residencial,10,5,5.94,20.6,Medio,Frequente,0,2,5,3,0,0,0,0,541.5360000000001
